batch_hierarchy_key,ID,batch_number_output,batch_number_input,genealogy_level,batch_type,material_number_input,material_number_output,quantity_input,quantityty_uom_input,plant,manufacturing_site,batch_size_output,quantity_output,work_order_no,po_number,movement_type
wrmiymH9w2QoC+XdMfsRLA==,2,23Y0140J2,23Y0140J2,02,B,P03212J,P03212J,234,M,1700,1700,234,234,,4800424550,B
7T6xFbfOPTbklBzZXGkakQ==,2,23Y0140J2,23Y0140J2,02,B,P03212J,P03212J,234,M,4165,4165,234,234,,4501062128,B
w/0jAKwlrXuj82KiE6hZLQ==,3,23Y0140J2,D322010,03,C,102500,P03212J,5.382,KG,4165,4165,234,234,,4501062128,
1iPSRMwIHoNDrIAdllf63w==,3,23Y0140J2,23Y0140J2,03,C,P03212J,P03212J,234,M,4165,1700,234,234,,4800424550,
UeBUp85Ur5PwkCFJsBSLRA==,4,23Y0140J2,D322010,04,B,102500,P03212J,1225,KG,4165,4165,234,234,,4501036342,B
PVZGRpdt2IR0wYi0f+iaIA==,4,23Y0140J2,23Y0140J2,04,B,P03212J,P03212J,234,M,4165,1700,234,234,,4501062128,B
VcvUGsPx4klnkn0WrMo3gQ==,5,23Y0140J2,D322010,05,C,102500,P03212J,5.382,KG,4165,1700,234,234,,4501062128,
VfryOHCJWL0ZTErIvUes4Q==,6,23Y0140J2,D322010,06,B,102500,P03212J,1225,KG,4165,1700,234,234,,4501036342,B
d0AlYE3odt3YH/+H2F7x0g==,2,23Y0260J2C,23Y0260J2C,02,B,P03212J,P03212J,246,M,1700,1700,246,246,,4800424552,B
/lAJurUedmk3KGVt/e4hEg==,2,23Y0260J2C,23Y0260J2C,02,B,P03212J,P03212J,246,M,4165,4165,246,246,,4501062130,B
Os1j480vNjB6ZPCaJ4XwPg==,3,23Y0260J2C,23Y0260J2C,03,C,P03212J,P03212J,246,M,4165,1700,246,246,,4800424552,
MRfncjefDhCcRByvu58hGg==,3,23Y0260J2C,D322010,03,C,102500,P03212J,5.658,KG,4165,4165,246,246,,4501062130,
F65IzTnzBxTD80w8XOEH0w==,4,23Y0260J2C,23Y0260J2C,04,B,P03212J,P03212J,246,M,4165,1700,246,246,,4501062130,B
kEqz//HwwirmZqLppVYJBA==,4,23Y0260J2C,D322010,04,B,102500,P03212J,1225,KG,4165,4165,246,246,,4501036342,B
Em/DSYuD1/BwCxw/KzOF4g==,5,23Y0260J2C,D322010,05,C,102500,P03212J,5.658,KG,4165,1700,246,246,,4501062130,
oY65WLVVVy4L6PWTEAJ+mA==,6,23Y0260J2C,D322010,06,B,102500,P03212J,1225,KG,4165,1700,246,246,,4501036342,B
o08x5XkF5/pMdZS1kJPRrg==,2,23Z2170J2,23Z2170J2,02,B,P03033J,P03033J,235,M,1700,1700,235,235,,4800424558,B
CWLEDDETxA28z+DB2amUzQ==,2,23Z2170J2,23Z2170J2,02,B,P03033J,P03033J,235,M,4165,4165,235,235,,4501068945,B
/FlUpjW5DQmYcXeKvPdIFQ==,3,23Z2170J2,D340930,03,C,102500,P03033J,-44.025,KG,4165,4165,235,235,,4501068945,
KejALbc2xd6rL7C0V49jEA==,3,23Z2170J2,23Z2170J2,03,C,P03033J,P03033J,235,M,4165,1700,235,235,,4800424558,
yQRxJi7dfSwE4x5HBLRQOQ==,4,23Z2170J2,D340930,04,B,102500,P03033J,1250,KG,4165,4165,235,235,,4501036342,B
otCsiwUZwjjAyYmuNKwlXQ==,4,23Z2170J2,23Z2170J2,04,B,P03033J,P03033J,235,M,4165,1700,235,235,,4501068945,B
XwRrQf+tQLRRBFQR/29MnQ==,5,23Z2170J2,D340930,05,C,102500,P03033J,-44.025,KG,4165,1700,235,235,,4501068945,
KX5GJRBNtjCvszImt/4BHw==,6,23Z2170J2,D340930,06,B,102500,P03033J,1250,KG,4165,1700,235,235,,4501036342,B
YXIewW5+OkJDycRT/sMh1g==,2,C4C158928,C4C158928,02,A,146009X7-320,146009X7-320,149,M,1700,1700,149,149,104158928,,
dIfBWUxbW01Keu3+KzHXjg==,3,C4C158928,NM00067441,03,C,P06003J-L320,146009X7-320,150,M,1700,1700,149,149,104158928,,
yw8V02UmcuRjDsHisKgScQ==,4,C4C158928,NM00067441,04,B,P06003J-L320,146009X7-320,300,M,1700,1700,149,149,,4501069031,B
fUMMti7jsyFjyKCm++5X+g==,2,C4D183658,C4D183658,02,A,TRCJE2F0BKP,TRCJE2F0BKP,6,EA,1700,1700,6,6,104183658,,
C3j0moa1Kr+T3nWdkMKWRA==,3,C4D183658,N3S011003,03,C,P05500J,TRCJE2F0BKP,12,EA,1700,1700,6,6,104183658,,
yc68v0Em4YXEhcSirukU3w==,4,C4D183658,N3S011003,04,B,P05500J,TRCJE2F0BKP,300,EA,1700,1700,6,6,,4800421422,B
2fVyLnwVsznCj/N/C8+Afg==,5,C4D183658,N3S011003,05,C,P05500J,TRCJE2F0BKP,300,EA,4165,1700,6,6,,4800421422,
pbdt+/Kqs93e2B6QO3H7oA==,6,C4D183658,N3S011003,06,A,P05500J,TRCJE2F0BKP,300,EA,4165,1700,6,6,104011003,,
9+T9tX8/998ZXusL0Xvu0g==,7,C4D183658,N3P044896,07,C,P04989J-M,TRCJE2F0BKP,187,EA,4165,1700,6,6,104011003,,
lqAnSQ4SZOQDk4bI2y0raA==,8,C4D183658,N3P044896,08,A,P04989J-M,TRCJE2F0BKP,550,EA,4165,1700,6,6,104044896,,
P9QapyT4XxZptZ4E3XAwMQ==,9,C4D183658,D382451,09,C,102100,TRCJE2F0BKP,150,KG,4165,1700,6,6,104044896,,
JmmlfmlOQ2qdsZk1dBBq1A==,10,C4D183658,D382451,10,B,102100,TRCJE2F0BKP,800,KG,4165,1700,6,6,,4501053534,B
0rT3dW/fWIEoaaWf/w6MpQ==,11,C4D183658,D382451,10,B,102100,TRCJE2F0BKP,475,KG,4165,1700,6,6,,4501049366,B
gFHoxYGImJ2O2Vw9Fnha+w==,12,C4D183658,N3P044897,07,C,P04989J-M,TRCJE2F0BKP,113,EA,4165,1700,6,6,104011003,,
GhXqrxZFDt4j/fkutve3ag==,13,C4D183658,N3P044897,08,A,P04989J-M,TRCJE2F0BKP,550,EA,4165,1700,6,6,104044897,,
IMgTSA+50jXQLnp6kAeL3A==,14,C4D183658,D382451,09,C,102100,TRCJE2F0BKP,150,KG,4165,1700,6,6,104044897,,
OKb1QwwaAqpxIlBMBdNWrQ==,15,C4D183658,TA17021924,03,C,P05175JPF,TRCJE2F0BKP,12,EA,1700,1700,6,6,104183658,,
ztKDaSghYqwPPnA2zmeGtg==,16,C4D183658,TA17021924,04,B,P05175JPF,TRCJE2F0BKP,600,EA,1700,1700,6,6,,4800442478,B
Lwy07Oy86A7p5J10tL8+6w==,17,C4D183658,TA17021924,05,C,P05175JPF,TRCJE2F0BKP,600,EA,4165,1700,6,6,,4800442478,
Fl9Od+GWTYYkgRQDzDgfSg==,18,C4D183658,TA17021924,06,B,P05175JPF,TRCJE2F0BKP,1000,EA,4165,1700,6,6,,4501080685,B
j9zN9aj38G1K4Bc3PFRG8g==,19,C4D183658,U4A122386,03,C,P05024JC,TRCJE2F0BKP,6,EA,1700,1700,6,6,104183658,,
Lu9EkIFI6PJYQDTTP1xNBQ==,20,C4D183658,U4A122386,04,B,P05024JC,TRCJE2F0BKP,1050,EA,1700,1700,6,6,,4800418117,B
vvVmJRedDZdd2j4vJyLBQA==,21,C4D183658,U4A122386,05,C,P05024JC,TRCJE2F0BKP,1050,EA,1922,1700,6,6,,4800418117,
uqqoEt3iWWZdDD5VEmZn6A==,22,C4D183658,U4A122386,06,A,P05024JC,TRCJE2F0BKP,1056,EA,1922,1700,6,6,104122386,,
lQIUcNr5Z/chlkVZMMeUsA==,23,C4D183658,H4A097580,07,C,P05024JC-MLD,TRCJE2F0BKP,1056,EA,1922,1700,6,6,104122386,,
StYTj1qQVsNPw+2ozNUY+w==,24,C4D183658,H4A097580,08,B,P05024JC-MLD,TRCJE2F0BKP,2240,EA,1922,1700,6,6,,4800434230,B
V7Oep2eagiqk0tA2Rk/21Q==,25,C4D183658,H4A097580,09,C,P05024JC-MLD,TRCJE2F0BKP,2240,EA,1500,1700,6,6,,4800434230,
hHO6k6arMld1mJUrrMXr8g==,26,C4D183658,H4A097580,10,A,P05024JC-MLD,TRCJE2F0BKP,4565,EA,1500,1700,6,6,104097580,,
gtquwVenuYn6q9hFTSTn0Q==,27,C4D183658,2309470061,11,C,158,TRCJE2F0BKP,373.5,LB,1500,1700,6,6,104097580,,
BsuKad7Uiaqak/fVKZEfwg==,28,C4D183658,2309470061,12,B,158,TRCJE2F0BKP,5231.278,LB,1500,1700,6,6,,4501048138,B
zMYe7x/b66a6FFqQ5zeRmw==,29,C4D183658,2309470062,11,C,158,TRCJE2F0BKP,338.1,LB,1500,1700,6,6,104097580,,
AUJUL8QhCfFsTJhmurBMog==,30,C4D183658,2309470062,12,B,158,TRCJE2F0BKP,4680.617,LB,1500,1700,6,6,,4501048138,B
d3HZAoTD7kIHKTXZT6u1Hw==,31,C4D183658,2309470066,11,C,158,TRCJE2F0BKP,110.2,LB,1500,1700,6,6,104097580,,
c39Dg+uYB44xcmUQxNPodQ==,32,C4D183658,2309470066,12,B,158,TRCJE2F0BKP,5286.343,LB,1500,1700,6,6,,4501048138,B
3tiXgfuw6ZzIliHvt3hBUw==,33,C4D183658,2309470059,11,C,158,TRCJE2F0BKP,16.4,LB,1500,1700,6,6,104097580,,
ortqMCljw9E1SlWtMw9p+w==,34,C4D183658,2309470059,12,B,158,TRCJE2F0BKP,5176.211,LB,1500,1700,6,6,,4501048138,B
lGFBAN0P78I38ZLCe3Fp+Q==,35,C4D183658,2309470068,11,C,158,TRCJE2F0BKP,-17.4,LB,1500,1700,6,6,104097580,,
475j8nnpM1pPYsrZwIiPYQ==,36,C4D183658,2309470068,12,B,158,TRCJE2F0BKP,5286.344,LB,1500,1700,6,6,,4501054020,B
JkN9UmpYFLUIcwvm4akFEw==,37,C4D183658,H4A097580,08,B,P05024JC-MLD,TRCJE2F0BKP,840,EA,1922,1700,6,6,,4800433439,B
bsBJdbF1oFzN8Sj61ir+Eg==,38,C4D183658,H4A097580,09,C,P05024JC-MLD,TRCJE2F0BKP,840,EA,1500,1700,6,6,,4800433439,
fpUP+z1vBv5lmHehxWKVpA==,39,C4D183658,H4A097580,08,B,P05024JC-MLD,TRCJE2F0BKP,560,EA,1922,1700,6,6,,4800433439,B
D4xZNkcLzcAp+MbBfiEa2g==,40,C4D183658,H4A097580,09,C,P05024JC-MLD,TRCJE2F0BKP,560,EA,1500,1700,6,6,,4800433439,
/+fOMW1nqUDwrDFuylQAZg==,41,C4D183658,H4A097580,08,B,P05024JC-MLD,TRCJE2F0BKP,356,EA,1922,1700,6,6,,4800433439,B
1HywrsYYCUkXavn2fsc2/g==,42,C4D183658,H4A097580,09,C,P05024JC-MLD,TRCJE2F0BKP,356,EA,1500,1700,6,6,,4800433439,
wfN9us8TCVYIWXe9XdRjIA==,43,C4D183658,H4A097580,08,B,P05024JC-MLD,TRCJE2F0BKP,280,EA,1922,1700,6,6,,4800433439,B
EOVvH988CEzfw4gusoSqhQ==,44,C4D183658,H4A097580,09,C,P05024JC-MLD,TRCJE2F0BKP,280,EA,1500,1700,6,6,,4800433439,
lp2G5BekT93PmgGR5pnWyw==,45,C4D183658,H4A097580,08,B,P05024JC-MLD,TRCJE2F0BKP,225,EA,1922,1700,6,6,,4800436093,B
2WBfjda+XuNn1jZQaKolOg==,46,C4D183658,H4A097580,09,C,P05024JC-MLD,TRCJE2F0BKP,225,EA,1500,1700,6,6,,4800436093,
ijLS7uZPuDbQhEsEPZ4v9A==,47,C4D183658,H4A097580,08,B,P05024JC-MLD,TRCJE2F0BKP,64,EA,1922,1700,6,6,,4800436093,B
Mrmf27tr1khd096RwrqMDQ==,48,C4D183658,H4A097580,09,C,P05024JC-MLD,TRCJE2F0BKP,64,EA,1500,1700,6,6,,4800436093,
9cWApzSD49YJ09WJPAX3VQ==,49,C4D183658,U4A122382,03,C,P03642JX2,TRCJE2F0BKP,12,EA,1700,1700,6,6,104183658,,
IXpVR413Ft4KM5F53NAc7Q==,50,C4D183658,U4A122382,04,B,P03642JX2,TRCJE2F0BKP,432,EA,1700,1700,6,6,,4800419178,B
XfQ0YH2KxFVt7Hzu4vtidg==,51,C4D183658,U4A122382,05,C,P03642JX2,TRCJE2F0BKP,432,EA,1922,1700,6,6,,4800419178,
+eugvbODxFH6hZouSMEAOg==,52,C4D183658,U4A122382,06,A,P03642JX2,TRCJE2F0BKP,432,EA,1922,1700,6,6,104122382,,
EIA6cguTLjWMsOFs4NPNQA==,53,C4D183658,H4A122337,07,C,P03642JX2-MLD,TRCJE2F0BKP,432,EA,1922,1700,6,6,104122382,,
StKA4I1FkLYUPCjuaMz7YA==,54,C4D183658,H4A122337,08,B,P03642JX2-MLD,TRCJE2F0BKP,1944,EA,1922,1700,6,6,,4800434230,B
AQw4iHq2Dmp15KXGDkRUlQ==,55,C4D183658,H4A122337,09,C,P03642JX2-MLD,TRCJE2F0BKP,1944,EA,1500,1700,6,6,,4800434230,
NUQ9Ti7htknnnomdBkSRWA==,56,C4D183658,H4A122337,10,A,P03642JX2-MLD,TRCJE2F0BKP,5832,EA,1500,1700,6,6,104122337,,
qxoH2H920p1wLVM7q8WkUg==,57,C4D183658,2309470078,11,C,158,TRCJE2F0BKP,2014.4,LB,1500,1700,6,6,104122337,,
6hS3kZdcfAHDU49HFvKpdw==,58,C4D183658,2309470078,12,B,158,TRCJE2F0BKP,5341.41,LB,1500,1700,6,6,,4501054020,B
UDfTA7whDUX54V9gDU12wQ==,59,C4D183658,2309470076,11,C,158,TRCJE2F0BKP,980.15,LB,1500,1700,6,6,104122337,,
C9Xk6gHN27tZdK1nf4ygww==,60,C4D183658,2309470076,12,B,158,TRCJE2F0BKP,5286.344,LB,1500,1700,6,6,,4501054020,B
Tux2EnWh3o/LuDIb+eethg==,61,C4D183658,2309470071,11,C,158,TRCJE2F0BKP,606.1,LB,1500,1700,6,6,104122337,,
Ci9JkTkBegRayBhcNrZuow==,62,C4D183658,2309470071,12,B,158,TRCJE2F0BKP,5286.344,LB,1500,1700,6,6,,4501054020,B
hKE+pLpe+YU6KB5FsH0hdw==,63,C4D183658,H4A122337,08,B,P03642JX2-MLD,TRCJE2F0BKP,864,EA,1922,1700,6,6,,4800430864,B
32w8sz/lzF7BVYAq90uHyw==,64,C4D183658,H4A122337,09,C,P03642JX2-MLD,TRCJE2F0BKP,864,EA,1500,1700,6,6,,4800430864,
3D72YdoZNeXvfY5wNCIVPA==,65,C4D183658,H4A122337,08,B,P03642JX2-MLD,TRCJE2F0BKP,864,EA,1922,1700,6,6,,4800430864,B
zRK2CvUBqPOVpR9ZVRQsig==,66,C4D183658,H4A122337,09,C,P03642JX2-MLD,TRCJE2F0BKP,864,EA,1500,1700,6,6,,4800430864,
j6AJJ2Aads6K/5KGDeRSRQ==,67,C4D183658,H4A122337,08,B,P03642JX2-MLD,TRCJE2F0BKP,432,EA,1922,1700,6,6,,4800434230,B
c/3wt+7NmWLWj2kPj3a84Q==,68,C4D183658,H4A122337,09,C,P03642JX2-MLD,TRCJE2F0BKP,432,EA,1500,1700,6,6,,4800434230,
tTxgeizOtzgOz3Seyf/LXg==,69,C4D183658,H4A122337,08,B,P03642JX2-MLD,TRCJE2F0BKP,432,EA,1922,1700,6,6,,4800430864,B
rVGXltkB3wuTcuivrYuAEA==,70,C4D183658,H4A122337,09,C,P03642JX2-MLD,TRCJE2F0BKP,432,EA,1500,1700,6,6,,4800430864,
tawYMGycI2qniCuh7L873A==,71,C4D183658,H4A122337,08,B,P03642JX2-MLD,TRCJE2F0BKP,432,EA,1922,1700,6,6,,4800430864,B
WHRmdxi1f0MqUgrsDxOWKg==,72,C4D183658,H4A122337,09,C,P03642JX2-MLD,TRCJE2F0BKP,432,EA,1500,1700,6,6,,4800430864,
hngS4YB/pG63kcEBbeNKvQ==,73,C4D183658,H4A122337,08,B,P03642JX2-MLD,TRCJE2F0BKP,432,EA,1922,1700,6,6,,4800430864,B
jRSqiTokPAd4PqZ7HMDEiA==,74,C4D183658,H4A122337,09,C,P03642JX2-MLD,TRCJE2F0BKP,432,EA,1500,1700,6,6,,4800430864,
g4EFaS67InM3Gz8vSV8YlA==,75,C4D183658,H4A122337,08,B,P03642JX2-MLD,TRCJE2F0BKP,328,EA,1922,1700,6,6,,4800430864,B
Ew/UTZKl7/MiGiYX2cva4A==,76,C4D183658,H4A122337,09,C,P03642JX2-MLD,TRCJE2F0BKP,328,EA,1500,1700,6,6,,4800430864,
0f1h2DYMO0KBUX6+kG7fDQ==,77,C4D183658,H4A122337,08,B,P03642JX2-MLD,TRCJE2F0BKP,104,EA,1922,1700,6,6,,4800434230,B
EsI8dNdvlts9TmqnZg1kzQ==,78,C4D183658,H4A122337,09,C,P03642JX2-MLD,TRCJE2F0BKP,104,EA,1500,1700,6,6,,4800434230,
Es4FkLA3dYNSSCtVhB7uDA==,79,C4D183658,23Y0260J2C,03,C,P03212J,TRCJE2F0BKP,65,M,1700,1700,6,6,104183658,,
/zFs3zQqb3k6uO93kzcK7w==,80,C4D183658,23Y0260J2C,04,B,P03212J,TRCJE2F0BKP,246,M,1700,1700,6,6,,4800424552,B
ld78mu/bsUKkKcVCJDH+Mg==,81,C4D183658,23Y0260J2C,05,C,P03212J,TRCJE2F0BKP,246,M,4165,1700,6,6,,4800424552,
Thyxgwg3fyOqtadp5ZtMcw==,82,C4D183658,23Y0260J2C,06,B,P03212J,TRCJE2F0BKP,246,M,4165,1700,6,6,,4501062130,B
c4J2rRkaB7w/kadayLWs5A==,83,C4D183658,D322010,07,C,102500,TRCJE2F0BKP,5.658,KG,4165,1700,6,6,,4501062130,
ASusfc4jDyX1EI/chfrtCQ==,84,C4D183658,D322010,08,B,102500,TRCJE2F0BKP,1225,KG,4165,1700,6,6,,4501036342,B
9RTAvGSqNHqQKnmLxaUP7w==,85,C4D183658,23Y0140J2,03,C,P03212J,TRCJE2F0BKP,40,M,1700,1700,6,6,104183658,,
Q4OGm3FAYMotU8vwD1gcyw==,86,C4D183658,23Y0140J2,04,B,P03212J,TRCJE2F0BKP,234,M,1700,1700,6,6,,4800424550,B
ltkbAccBnn8WgKGMe5aNRQ==,87,C4D183658,23Y0140J2,05,C,P03212J,TRCJE2F0BKP,234,M,4165,1700,6,6,,4800424550,
0CZTHIgRoiaQYkNo0Cz7Ag==,88,C4D183658,23Y0140J2,06,B,P03212J,TRCJE2F0BKP,234,M,4165,1700,6,6,,4501062128,B
MBS0icfmP180ghEQPSIdeQ==,89,C4D183658,D322010,07,C,102500,TRCJE2F0BKP,5.382,KG,4165,1700,6,6,,4501062128,
qQPM7jY31M3xIhxFRSlKfQ==,90,C4D183658,23Z2170J2,03,C,P03033J,TRCJE2F0BKP,111,M,1700,1700,6,6,104183658,,
sooDWmVieS3EHuBtbXC68Q==,91,C4D183658,23Z2170J2,04,B,P03033J,TRCJE2F0BKP,235,M,1700,1700,6,6,,4800424558,B
0ALe/Qo1tH5BWBy+sl+bkg==,92,C4D183658,23Z2170J2,05,C,P03033J,TRCJE2F0BKP,235,M,4165,1700,6,6,,4800424558,
PC3lQpU/qwePTRJ7JsK39g==,93,C4D183658,23Z2170J2,06,B,P03033J,TRCJE2F0BKP,235,M,4165,1700,6,6,,4501068945,B
Fq+dewpPY2II61nRNgdH1g==,94,C4D183658,D340930,07,C,102500,TRCJE2F0BKP,-44.025,KG,4165,1700,6,6,,4501068945,
Igo/ElLqLft/2Y+7l8pekw==,95,C4D183658,D340930,08,B,102500,TRCJE2F0BKP,1250,KG,4165,1700,6,6,,4501036342,B
z7r0Bh5dAUvJC2GvjHMuFA==,96,C4D183658,U4A112981,03,C,P02197J,TRCJE2F0BKP,6,EA,1700,1700,6,6,104183658,,
GrZPjQItukVLtPmV6XOCCw==,97,C4D183658,U4A112981,04,B,P02197J,TRCJE2F0BKP,1218,EA,1700,1700,6,6,,4800419178,B
oKuSdhaoJTFbWOiiAcYofg==,98,C4D183658,U4A112981,05,C,P02197J,TRCJE2F0BKP,1218,EA,1922,1700,6,6,,4800419178,
BC6ThfKOPVDRpuJHmVZevQ==,99,C4D183658,U4A112981,06,A,P02197J,TRCJE2F0BKP,1450,EA,1922,1700,6,6,104112981,,
r/RhEKlidduTV4dyKeAqGA==,100,C4D183658,H4A111444,07,C,P02197J-MLD,TRCJE2F0BKP,837,EA,1922,1700,6,6,104112981,,
oqCaJ84yHK3VNlY853QX2w==,101,C4D183658,H4A111444,08,B,P02197J-MLD,TRCJE2F0BKP,837,EA,1922,1700,6,6,,4800434230,B
8mdYhxu4Qbv1Xtq8B/KJDQ==,102,C4D183658,H4A111444,09,C,P02197J-MLD,TRCJE2F0BKP,837,EA,1500,1700,6,6,,4800434230,
53QtmRmRountaCBCKbn7vQ==,103,C4D183658,H4A111444,10,A,P02197J-MLD,TRCJE2F0BKP,837,EA,1500,1700,6,6,104111444,,
0M9dOHBBaWGRFkqWFBRsQg==,104,C4D183658,2309470074,11,C,158,TRCJE2F0BKP,144.004,LB,1500,1700,6,6,104111444,,
V8Zbrd4+WuMBhvNmqLDN6g==,105,C4D183658,2309470074,12,B,158,TRCJE2F0BKP,5286.344,LB,1500,1700,6,6,,4501054020,B
RKwuAxuSeqzUPt1JJi1V3w==,106,C4D183658,H3S082984,07,C,P02197J-MLD,TRCJE2F0BKP,287,EA,1922,1700,6,6,104112981,,
zjp7F6mqvlGvXWst4XDYeg==,107,C4D183658,H3S082984,08,B,P02197J-MLD,TRCJE2F0BKP,840,EA,1922,1700,6,6,,4800426727,B
jofFeBxFl/Lv1xzfJOs46g==,108,C4D183658,H3S082984,09,C,P02197J-MLD,TRCJE2F0BKP,840,EA,1500,1700,6,6,,4800426727,
MkH8vI21GqL3elwCSU1xcA==,109,C4D183658,H3S082984,10,A,P02197J-MLD,TRCJE2F0BKP,2250,EA,1500,1700,6,6,104082984,,
76V3RESb4BVOU51J2ux2Mw==,110,C4D183658,2307470044,11,C,158,TRCJE2F0BKP,363.6,LB,1500,1700,6,6,104082984,,
mdQTpkLSaVZicjnQLyodaQ==,111,C4D183658,2307470044,12,B,158,TRCJE2F0BKP,4625.544,LB,1500,1700,6,6,,4501048138,B
CKMyMrlz+N3+ZvS0ceBGlQ==,112,C4D183658,H3S082984,08,B,P02197J-MLD,TRCJE2F0BKP,700,EA,1922,1700,6,6,,4800426727,B
LMaj+00Jm+5IgxFJ9axD6g==,113,C4D183658,H3S082984,09,C,P02197J-MLD,TRCJE2F0BKP,700,EA,1500,1700,6,6,,4800426727,
bLAd3EjlL1fHfp5vrzx77g==,114,C4D183658,H3S082984,08,B,P02197J-MLD,TRCJE2F0BKP,430,EA,1922,1700,6,6,,4800426727,B
qtkKhs5hBmq/i7dR0axUuA==,115,C4D183658,H3S082984,09,C,P02197J-MLD,TRCJE2F0BKP,430,EA,1500,1700,6,6,,4800426727,
XaQu4D0u22d3No3ff+a2qg==,116,C4D183658,H3S082984,08,B,P02197J-MLD,TRCJE2F0BKP,280,EA,1922,1700,6,6,,4800426727,B
IWfmkNUVpzOCaKZLK1RXjw==,117,C4D183658,H3S082984,09,C,P02197J-MLD,TRCJE2F0BKP,280,EA,1500,1700,6,6,,4800426727,
jWB3nyd+i7v+y5D+c2l8OQ==,118,C4D183658,H3P063791,07,C,P02197J-MLD,TRCJE2F0BKP,117,EA,1922,1700,6,6,104112981,,
HidO1JOB3spFAL6y0Nku6g==,119,C4D183658,H3P063791,08,B,P02197J-MLD,TRCJE2F0BKP,980,EA,1922,1700,6,6,,4800425996,B
07JrOPY32ys4irMHFRhNUw==,120,C4D183658,H3P063791,09,C,P02197J-MLD,TRCJE2F0BKP,980,EA,1500,1700,6,6,,4800425996,
qgMhhuBFYAQPqjRdSr6sAA==,121,C4D183658,H3P063791,10,A,P02197J-MLD,TRCJE2F0BKP,2660,EA,1500,1700,6,6,104063791,,
Qk+h673UYCG+r7qsrEgnoQ==,122,C4D183658,2307470027,11,C,158,TRCJE2F0BKP,261.6,LB,1500,1700,6,6,104063791,,
Hjt4jTQMxwRYAFfFO5XCSw==,123,C4D183658,2307470027,12,B,158,TRCJE2F0BKP,3083.696,LB,1500,1700,6,6,,4501048138,B
Onsqa5dmH4I1PHuHPocqrQ==,124,C4D183658,2308470004,11,C,158,TRCJE2F0BKP,165.3,LB,1500,1700,6,6,104063791,,
uFqfPQzF3mJaJWAE7PihBQ==,125,C4D183658,2308470004,12,B,158,TRCJE2F0BKP,4680.617,LB,1500,1700,6,6,,4501054020,B
/o+Zsw2L3WDMXKL/QSUYIA==,126,C4D183658,H3P063791,08,B,P02197J-MLD,TRCJE2F0BKP,840,EA,1922,1700,6,6,,4800425996,B
gZnt2Pn5WtAui62ToFa5yQ==,127,C4D183658,H3P063791,09,C,P02197J-MLD,TRCJE2F0BKP,840,EA,1500,1700,6,6,,4800425996,
O6hlDQeT1+wjv3UVzVHubg==,128,C4D183658,H3P063791,08,B,P02197J-MLD,TRCJE2F0BKP,700,EA,1922,1700,6,6,,4800425996,B
aT/m+kWPWMJ6dKq9swNbYg==,129,C4D183658,H3P063791,09,C,P02197J-MLD,TRCJE2F0BKP,700,EA,1500,1700,6,6,,4800425996,
j16h+7WnRPeia2JeEFolBA==,130,C4D183658,H3P063791,08,B,P02197J-MLD,TRCJE2F0BKP,140,EA,1922,1700,6,6,,4800425996,B
u9P6mRIVwdLl69d+kNRxxA==,131,C4D183658,H3P063791,09,C,P02197J-MLD,TRCJE2F0BKP,140,EA,1500,1700,6,6,,4800425996,
0dltNW/o2c7OYbLUFEbzEQ==,132,C4D183658,H3M001663,07,C,P02197J-MLD,TRCJE2F0BKP,111,EA,1922,1700,6,6,104112981,,
DqAzqoBk8BW2JXfWFiflwQ==,133,C4D183658,H3M001663,08,B,P02197J-MLD,TRCJE2F0BKP,1540,EA,1922,1700,6,6,,4800417948,B
GcJ4BvE30t84XmFiGHFkcg==,134,C4D183658,H3M001663,09,C,P02197J-MLD,TRCJE2F0BKP,1540,EA,1500,1700,6,6,,4800417948,
Ue/WKBgTRikvs5DjcC9stw==,135,C4D183658,H3M001663,10,A,P02197J-MLD,TRCJE2F0BKP,3640,EA,1500,1700,6,6,104001663,,
kjp29UX37Er3yci2YVAiDQ==,136,C4D183658,2307410023,11,C,158,TRCJE2F0BKP,260,LB,1500,1700,6,6,104001663,,
hiPHFQpajaSPTx7+rHv4ww==,137,C4D183658,2307410023,12,B,158,TRCJE2F0BKP,5400,LB,1500,1700,6,6,,4501048138,B
Zgsbmo+gGH9iRLlS+8rMmQ==,138,C4D183658,2307410021,11,C,158,TRCJE2F0BKP,245,LB,1500,1700,6,6,104001663,,
Cp3y5bmj1U4T2liBhDMSHw==,139,C4D183658,2307410021,12,B,158,TRCJE2F0BKP,5226,LB,1500,1700,6,6,,4501048138,B
ctLImYNF9vvmLdRxyxTbew==,140,C4D183658,2307410025,11,C,158,TRCJE2F0BKP,63.4,LB,1500,1700,6,6,104001663,,
sQZS99T9z1/L0YDRp8upIg==,141,C4D183658,2307410025,12,B,158,TRCJE2F0BKP,5400,LB,1500,1700,6,6,,4501048138,B
367nxmHzlmsHQacEQ/uxJw==,142,C4D183658,H3M001663,08,B,P02197J-MLD,TRCJE2F0BKP,700,EA,1922,1700,6,6,,4800424532,B
cyHnf7TTPqzzuNt+BGDZ+w==,143,C4D183658,H3M001663,09,C,P02197J-MLD,TRCJE2F0BKP,700,EA,1500,1700,6,6,,4800424532,
iOazbAJVGIPtOcpP1liDCg==,144,C4D183658,H3M001663,08,B,P02197J-MLD,TRCJE2F0BKP,560,EA,1922,1700,6,6,,4800422934,B
tHlKEzWZPo2lDT5+5dvzaA==,145,C4D183658,H3M001663,09,C,P02197J-MLD,TRCJE2F0BKP,560,EA,1500,1700,6,6,,4800422934,
Pmc1Xp//jTKDnEmEpL15Jg==,146,C4D183658,H3M001663,08,B,P02197J-MLD,TRCJE2F0BKP,420,EA,1922,1700,6,6,,4800418954,B
IAmqoBEK1GqpSufgqz3NbA==,147,C4D183658,H3M001663,09,C,P02197J-MLD,TRCJE2F0BKP,420,EA,1500,1700,6,6,,4800418954,
prx7PpwW3WRt514liaXUUg==,148,C4D183658,H3M001663,08,B,P02197J-MLD,TRCJE2F0BKP,420,EA,1922,1700,6,6,,4800417435,B
TLJMCrpV3DBQLdgo5qgpaA==,149,C4D183658,H3M001663,09,C,P02197J-MLD,TRCJE2F0BKP,420,EA,1500,1700,6,6,,4800417435,
7AlO85xZzCEsRazm8Km3Vg==,150,C4D183658,H3M001663,08,B,P02197J-MLD,TRCJE2F0BKP,57,EA,1922,1700,6,6,,4800422934,B
1zRJIOHIiRD8rvOO+AZ2BQ==,151,C4D183658,H3M001663,09,C,P02197J-MLD,TRCJE2F0BKP,57,EA,1500,1700,6,6,,4800422934,
/Xd5Z9jjUmBViNEigWU9Kw==,152,C4D183658,H3D888210,07,C,P02197J-MLD,TRCJE2F0BKP,50,EA,1922,1700,6,6,104112981,,
lKh98eymX/8z9dWPM+lZIQ==,153,C4D183658,H3D888210,08,B,P02197J-MLD,TRCJE2F0BKP,1608,EA,1922,1700,6,6,,4800403554,B
9Ap+Jj86Ouv1QFY/Xa2t5Q==,154,C4D183658,H3D888210,09,C,P02197J-MLD,TRCJE2F0BKP,1608,EA,1500,1700,6,6,,4800403554,
8d4BMbeGI8Ub4/dtqzoixw==,155,C4D183658,H3D888210,10,A,P02197J-MLD,TRCJE2F0BKP,6869,EA,1500,1700,6,6,103888210,,
AoP6IaK1gq7bFxlxog1GOw==,156,C4D183658,2304410006,11,C,158,TRCJE2F0BKP,743.46,LB,1500,1700,6,6,103888210,,
ap2p2wfyHtPk5Itl77WI4g==,157,C4D183658,2304410006,12,B,158,TRCJE2F0BKP,5400,LB,1500,1700,6,6,,4501038553,B
hoNDmklYcDlPBbJpvfOvDg==,158,C4D183658,2303410013,11,C,158,TRCJE2F0BKP,214.5,LB,1500,1700,6,6,103888210,,
RZqfycVlPtqGX4Q77bRm5A==,159,C4D183658,2303410013,12,B,158,TRCJE2F0BKP,5211,LB,1500,1700,6,6,,4501031302,B
M1/m2k1K4TYHgVoNA3Jm1w==,160,C4D183658,2304410000,11,C,158,TRCJE2F0BKP,43,LB,1500,1700,6,6,103888210,,
OGtBFVsC1Qe2xm+30KnoVQ==,161,C4D183658,2304410000,12,B,158,TRCJE2F0BKP,5239,LB,1500,1700,6,6,,4501031302,B
Ee2IeaA1oCk/a3yoWU135g==,162,C4D183658,H3D888210,08,B,P02197J-MLD,TRCJE2F0BKP,948,EA,1922,1700,6,6,,4800401726,B
23c9MflW3JMQtlMPHt2Ujw==,163,C4D183658,H3D888210,09,C,P02197J-MLD,TRCJE2F0BKP,948,EA,1500,1700,6,6,,4800401726,
lSnVGmnKQ3ryC206TGwHPQ==,164,C4D183658,H3D888210,08,B,P02197J-MLD,TRCJE2F0BKP,912,EA,1922,1700,6,6,,4800403554,B
CE8fDMFlRfeGPrsMyfyTWQ==,165,C4D183658,H3D888210,09,C,P02197J-MLD,TRCJE2F0BKP,912,EA,1500,1700,6,6,,4800403554,
dBVWnA6OCtjw3pTm/aUeJg==,166,C4D183658,H3D888210,08,B,P02197J-MLD,TRCJE2F0BKP,840,EA,1922,1700,6,6,,4800403554,B
Xj/yCSiJ/7Zn+oAt5mfIzA==,167,C4D183658,H3D888210,09,C,P02197J-MLD,TRCJE2F0BKP,840,EA,1500,1700,6,6,,4800403554,
cg7ishvn5JNRM0k0oY93Jg==,168,C4D183658,H3D888210,08,B,P02197J-MLD,TRCJE2F0BKP,840,EA,1922,1700,6,6,,4800401636,B
Soy7AeZa+/F0l5TB7ZZwiQ==,169,C4D183658,H3D888210,09,C,P02197J-MLD,TRCJE2F0BKP,840,EA,1500,1700,6,6,,4800401636,
iVC8m1HEB0935Bl1htVI1w==,170,C4D183658,H3D888210,08,B,P02197J-MLD,TRCJE2F0BKP,652,EA,1922,1700,6,6,,4800401726,B
X0qY3IlQ2pYFrWoAiiUCRQ==,171,C4D183658,H3D888210,09,C,P02197J-MLD,TRCJE2F0BKP,652,EA,1500,1700,6,6,,4800401726,
b4uJ4FvURBrrT2r/Ba2Rfg==,172,C4D183658,H3D888210,08,B,P02197J-MLD,TRCJE2F0BKP,452,EA,1922,1700,6,6,,4800401636,B
BfVZxFA/ikmIE11gPUT23w==,173,C4D183658,H3D888210,09,C,P02197J-MLD,TRCJE2F0BKP,452,EA,1500,1700,6,6,,4800401636,
rf6Y9TV9T2TJBPVfsRVWPw==,174,C4D183658,H3D888210,08,B,P02197J-MLD,TRCJE2F0BKP,248,EA,1922,1700,6,6,,4800403554,B
yPk+3HpjMDQjbmHbtR+2Lg==,175,C4D183658,H3D888210,09,C,P02197J-MLD,TRCJE2F0BKP,248,EA,1500,1700,6,6,,4800403554,
EFkGZk6Oko3jCKZZ24IXbQ==,176,C4D183658,H3D888210,08,B,P02197J-MLD,TRCJE2F0BKP,48,EA,1922,1700,6,6,,4800403554,B
6dxHdOCiOb8oP/DvmPAqDA==,177,C4D183658,H3D888210,09,C,P02197J-MLD,TRCJE2F0BKP,48,EA,1500,1700,6,6,,4800403554,
u6GSXixMfHEYNAlgqL98/A==,178,C4D183658,H3D888210,08,B,P02197J-MLD,TRCJE2F0BKP,45,EA,1922,1700,6,6,,4800403554,B
N5vUmnkjcC2HEvga9lc9+g==,179,C4D183658,H3D888210,09,C,P02197J-MLD,TRCJE2F0BKP,45,EA,1500,1700,6,6,,4800403554,
M8TTUAiJ2yPisxKzjduNEg==,180,C4D183658,H2E601638,08,C,P02197J-MLD,TRCJE2F0BKP,7,EA,1922,1700,6,6,,,
HNxOnGfCTUrlrXRiLsK6zQ==,181,C4D183658,H2E601638,09,B,P02197J-MLD,TRCJE2F0BKP,953,EA,1922,1700,6,6,,4800374910,B
+qGOY7g59wh1K46GXnBITQ==,182,C4D183658,H2E601638,10,C,P02197J-MLD,TRCJE2F0BKP,953,EA,1500,1700,6,6,,4800374910,
++eKiEOo1VFNwTA4FtI5pw==,183,C4D183658,H2E601638,11,A,P02197J-MLD,TRCJE2F0BKP,1607,EA,1500,1700,6,6,103601638,,
dD4kZa6vAO75OUktJyBW7g==,184,C4D183658,2204410006,12,C,158,TRCJE2F0BKP,255,LB,1500,1700,6,6,103601638,,
m0dTq+dALBLkUqacA+m79w==,185,C4D183658,2204410006,13,B,158,TRCJE2F0BKP,5400,LB,1500,1700,6,6,,4501008726,B
UUzOwICwITbfJgLJ4aN8OA==,186,C4D183658,H2E601638,09,B,P02197J-MLD,TRCJE2F0BKP,647,EA,1922,1700,6,6,,4800374910,B
NB9q3PaUyprXLfZ91CQkdA==,187,C4D183658,H2E601638,10,C,P02197J-MLD,TRCJE2F0BKP,647,EA,1500,1700,6,6,,4800374910,
prLoZaihR4sk+g8AWaZmIQ==,188,C4D183658,H2E601638,09,B,P02197J-MLD,TRCJE2F0BKP,7,EA,1922,1700,6,6,,4800376905,B
i1PkZ2ftEDti821e3vuKOw==,189,C4D183658,H2E601638,10,C,P02197J-MLD,TRCJE2F0BKP,7,EA,1500,1700,6,6,,4800376905,
FOoc3iqBvu226ranZCdvCA==,190,C4D183658,H3H934871,07,C,P02197J-MLD,TRCJE2F0BKP,40,EA,1922,1700,6,6,104112981,,
VmJZZ1lM3EKyDGXSWwmkSg==,191,C4D183658,H3H934871,08,B,P02197J-MLD,TRCJE2F0BKP,1540,EA,1922,1700,6,6,,4800407790,B
G2/djL5Lms/5YMX9MdngQA==,192,C4D183658,H3H934871,09,C,P02197J-MLD,TRCJE2F0BKP,1540,EA,1500,1700,6,6,,4800407790,
GpNZ5nnIgqSYR/OlOBw/rQ==,193,C4D183658,H3H934871,10,A,P02197J-MLD,TRCJE2F0BKP,3500,EA,1500,1700,6,6,103934871,,
6gseI1RptIDW7LfADiKdlw==,194,C4D183658,2304410020,11,C,158,TRCJE2F0BKP,351,LB,1500,1700,6,6,103934871,,
co0kPjhjS3Wz2DFGEYeYuQ==,195,C4D183658,2304410020,12,B,158,TRCJE2F0BKP,5400,LB,1500,1700,6,6,,4501038553,B
pBP041tsfYxmW+Daags0vA==,196,C4D183658,2304410022,11,C,158,TRCJE2F0BKP,158,LB,1500,1700,6,6,103934871,,
zRy8mnsPgEXLUUy47LOTMA==,197,C4D183658,2304410022,12,B,158,TRCJE2F0BKP,5362,LB,1500,1700,6,6,,4501038553,B
1bLaAO058WxhMI3gXMVcYQ==,198,C4D183658,H3H934871,10,C,P02197J-MLD,TRCJE2F0BKP,56,EA,1922,1700,6,6,,,
78NDCSMCPspmkne6VNuDmQ==,199,C4D183658,H3H934871,08,B,P02197J-MLD,TRCJE2F0BKP,980,EA,1922,1700,6,6,,4800408735,B
Pei8mBhi/dXSCYmkhdf5Dg==,200,C4D183658,H3H934871,09,C,P02197J-MLD,TRCJE2F0BKP,980,EA,1500,1700,6,6,,4800408735,
PqrrhZnt+GdFBUUMgCLSiA==,201,C4D183658,H3H934871,08,B,P02197J-MLD,TRCJE2F0BKP,980,EA,1922,1700,6,6,,4800407556,B
baxXl/kJGMTBEEx2Bdnadg==,202,C4D183658,H3H934871,09,C,P02197J-MLD,TRCJE2F0BKP,980,EA,1500,1700,6,6,,4800407556,
85vLkZXfnJFQniGRrvNv3A==,203,C4D183658,H3K970264,07,C,P02197J-MLD,TRCJE2F0BKP,20,EA,1922,1700,6,6,104112981,,
xovdOVsWh0tfJ4ilYJaUGw==,204,C4D183658,H3K970264,08,B,P02197J-MLD,TRCJE2F0BKP,1540,EA,1922,1700,6,6,,4800413080,B
vCAz/X6mDI855EVjMpz87Q==,205,C4D183658,H3K970264,09,C,P02197J-MLD,TRCJE2F0BKP,1540,EA,1500,1700,6,6,,4800413080,
pY9Dhh/vhjOnAih5XHSn+Q==,206,C4D183658,H3K970264,10,A,P02197J-MLD,TRCJE2F0BKP,2940,EA,1500,1700,6,6,103970264,,
/Qcvxti4aIwl0r1j0jWu5w==,207,C4D183658,2307410018,11,C,158,TRCJE2F0BKP,375,LB,1500,1700,6,6,103970264,,
Em1dJxC2EMKGDtgWEqWpvA==,208,C4D183658,2307410018,12,B,158,TRCJE2F0BKP,5284,LB,1500,1700,6,6,,4501048138,B
/0ZHRjP//f7k3Xd5QgkrJg==,209,C4D183658,2307410016,11,C,158,TRCJE2F0BKP,86,LB,1500,1700,6,6,103970264,,
rKvFrXH1+bGtWppx9MioyQ==,210,C4D183658,2307410016,12,B,158,TRCJE2F0BKP,5400,LB,1500,1700,6,6,,4501048138,B
8gFQxoPGUF/RhgHXgJly6A==,211,C4D183658,H3K970264,08,B,P02197J-MLD,TRCJE2F0BKP,1260,EA,1922,1700,6,6,,4800414283,B
mwZgv3Vbg1iNFZNSQKpDMA==,212,C4D183658,H3K970264,09,C,P02197J-MLD,TRCJE2F0BKP,1260,EA,1500,1700,6,6,,4800414283,
vHIm89OSIX91akxJ0RV0eA==,213,C4D183658,H3K970264,08,B,P02197J-MLD,TRCJE2F0BKP,140,EA,1922,1700,6,6,,4800414283,B
cFoNaBVYD2cyjrUI2mEHDQ==,214,C4D183658,H3K970264,09,C,P02197J-MLD,TRCJE2F0BKP,140,EA,1500,1700,6,6,,4800414283,
6MLn/Zgk9qup/nZIhmdoHA==,215,C4D183658,H3M0001663,07,C,P02197J-MLD,TRCJE2F0BKP,1,EA,1922,1700,6,6,104112981,,
axtC2c891vadXg8UE3FpIw==,216,C4D183658,H3C863387,07,C,P02197J-MLD,TRCJE2F0BKP,1,EA,1922,1700,6,6,104112981,,
ljzH2qswpVCoJ9KK9bCUyw==,217,C4D183658,H3C863387,08,B,P02197J-MLD,TRCJE2F0BKP,1400,EA,1922,1700,6,6,,4800399788,B
ao3dlbcedn0ntkTuBa/w8w==,218,C4D183658,H3C863387,09,C,P02197J-MLD,TRCJE2F0BKP,1400,EA,1500,1700,6,6,,4800399788,
PNUU+12hApv4MyFJ0SnHcQ==,219,C4D183658,H3C863387,10,A,P02197J-MLD,TRCJE2F0BKP,3108,EA,1500,1700,6,6,103863387,,
9OqXEuCfw0gk3LbkQpTy9Q==,220,C4D183658,2303410019,11,C,158,TRCJE2F0BKP,470,LB,1500,1700,6,6,103863387,,
NwcCIU3o2AUOnXmkE+o+Yw==,221,C4D183658,2303410019,12,B,158,TRCJE2F0BKP,5136,LB,1500,1700,6,6,,4501031302,B
RlV6V7Lgb0yxnDLrY4fbHw==,222,C4D183658,2303410012,11,C,158,TRCJE2F0BKP,5.6,LB,1500,1700,6,6,103863387,,
/MFAS0AS9ZzAiSB5tR57Mw==,223,C4D183658,2303410012,12,B,158,TRCJE2F0BKP,5354.427,LB,1500,1700,6,6,,4501031302,B
F4Z3uFT6hyK9xoWKyKV2ZA==,224,C4D183658,2303410009,11,C,158,TRCJE2F0BKP,3.9,LB,1500,1700,6,6,103863387,,
MmpPlR20bW3lp3UUIhg0hQ==,225,C4D183658,2303410009,12,B,158,TRCJE2F0BKP,5361.41,LB,1500,1700,6,6,,4501031302,B
vikPbheh3ylYIhV0Vs1Vpg==,226,C4D183658,H3C863387,08,B,P02197J-MLD,TRCJE2F0BKP,560,EA,1922,1700,6,6,,4800401206,B
RyJGZIyOjktT4lkisR9ryA==,227,C4D183658,H3C863387,09,C,P02197J-MLD,TRCJE2F0BKP,560,EA,1500,1700,6,6,,4800401206,
GgseNJZCDJ+HIuLmEhOd/A==,228,C4D183658,H3C863387,08,B,P02197J-MLD,TRCJE2F0BKP,420,EA,1922,1700,6,6,,4800401206,B
O15uPCec7M4kon72KlOkmQ==,229,C4D183658,H3C863387,09,C,P02197J-MLD,TRCJE2F0BKP,420,EA,1500,1700,6,6,,4800401206,
G31/KvLzi4jUB1JJJjHoOg==,230,C4D183658,H3C863387,08,B,P02197J-MLD,TRCJE2F0BKP,340,EA,1922,1700,6,6,,4800401206,B
HfZk5bnhWybv5q3vZkkKBQ==,231,C4D183658,H3C863387,09,C,P02197J-MLD,TRCJE2F0BKP,340,EA,1500,1700,6,6,,4800401206,
uMuNGaMH2OULRuuN511u2A==,232,C4D183658,H3C863387,08,B,P02197J-MLD,TRCJE2F0BKP,280,EA,1922,1700,6,6,,4800401206,B
k8jmqjsIYqd3CtjNOm9pkA==,233,C4D183658,H3C863387,09,C,P02197J-MLD,TRCJE2F0BKP,280,EA,1500,1700,6,6,,4800401206,
vKix3qQKff6MEqjDGpmBjg==,234,C4D183658,H3C863387,08,B,P02197J-MLD,TRCJE2F0BKP,80,EA,1922,1700,6,6,,4800401636,B
Xia1IQMZp6G3OsNSx54QvA==,235,C4D183658,H3C863387,09,C,P02197J-MLD,TRCJE2F0BKP,80,EA,1500,1700,6,6,,4800401636,
cz31f8gecI/mMrc9FYn40w==,236,C4D183658,H3C863387,08,B,P02197J-MLD,TRCJE2F0BKP,28,EA,1922,1700,6,6,,4800401636,B
owsS8hoCA1ka1HGr+R6dfg==,237,C4D183658,H3C863387,09,C,P02197J-MLD,TRCJE2F0BKP,28,EA,1500,1700,6,6,,4800401636,
Hkacw7Tcl0ND5TWqmqxp5g==,238,C4D183658,U4A112981,04,B,P02197J,TRCJE2F0BKP,232,EA,1700,1700,6,6,,4800445781,B
HmIn2D6JcMagT8+Mlx12VA==,239,C4D183658,U4A112981,05,C,P02197J,TRCJE2F0BKP,232,EA,1922,1700,6,6,,4800445781,
Uot2vk5R1qoNKjjJVElMmQ==,240,C4D183658,U3H940426,03,C,P02196J,TRCJE2F0BKP,12,EA,1700,1700,6,6,104183658,,
N4bGza4czSwfUHVLXDWg5g==,241,C4D183658,U3H940426,04,B,P02196J,TRCJE2F0BKP,400,EA,1700,1700,6,6,,4800404567,B
oC20IQ6YCQCSOURNrXwZPA==,242,C4D183658,U3H940426,05,C,P02196J,TRCJE2F0BKP,400,EA,1922,1700,6,6,,4800404567,
1x+YlyJ5q3ZJoDEcqyCVGg==,243,C4D183658,U3H940426,06,A,P02196J,TRCJE2F0BKP,1200,EA,1922,1700,6,6,103940426,,
5+OMS8dcvNXPd767Q1M3SQ==,244,C4D183658,H3E917972,07,C,P02196J-MLD,TRCJE2F0BKP,1200,EA,1922,1700,6,6,103940426,,
TjZ9i4tUrvdP2RB6wv+KvA==,245,C4D183658,H3E917972,08,B,P02196J-MLD,TRCJE2F0BKP,1200,EA,1922,1700,6,6,,4800407556,B
4QK1z2/+IESv5B5QPK6tFA==,246,C4D183658,H3E917972,09,C,P02196J-MLD,TRCJE2F0BKP,1200,EA,1500,1700,6,6,,4800407556,
vzAxnk3zuLq8bjQbL+r1tw==,247,C4D183658,H3E917972,10,A,P02196J-MLD,TRCJE2F0BKP,2049,EA,1500,1700,6,6,103917972,,
zPI0xR7Wke4Od6I3ds+Ltw==,248,C4D183658,2304410011,11,C,158,TRCJE2F0BKP,317,LB,1500,1700,6,6,103917972,,
4X7D1+fhijW/tMDXjHOv/g==,249,C4D183658,2304410011,12,B,158,TRCJE2F0BKP,5400,LB,1500,1700,6,6,,4501038553,B
PxHqoScLnVSYwZknZnkxWg==,250,C4D183658,H3E917972,08,B,P02196J-MLD,TRCJE2F0BKP,600,EA,1922,1700,6,6,,4800408450,B
Qe9N+xNk5i7LASrdCWPdkA==,251,C4D183658,H3E917972,09,C,P02196J-MLD,TRCJE2F0BKP,600,EA,1500,1700,6,6,,4800408450,
KFCY7tef2pD1xGEH6QJW0w==,252,C4D183658,H3E917972,08,B,P02196J-MLD,TRCJE2F0BKP,200,EA,1922,1700,6,6,,4800405907,B
w8mOrntPQUJ1F62NpfT0ng==,253,C4D183658,H3E917972,09,C,P02196J-MLD,TRCJE2F0BKP,200,EA,1500,1700,6,6,,4800405907,
B2CR76UpQrjRL30HBb6bRQ==,254,C4D183658,H3E917972,08,B,P02196J-MLD,TRCJE2F0BKP,49,EA,1922,1700,6,6,,4800409389,B
e+9jlu9CY+ffh4Eh5c6TWw==,255,C4D183658,H3E917972,09,C,P02196J-MLD,TRCJE2F0BKP,49,EA,1500,1700,6,6,,4800409389,
7+enTT3ekxmnUNNx2RXbkQ==,256,C4D183658,U3H940426,04,B,P02196J,TRCJE2F0BKP,400,EA,1700,1700,6,6,,4800403174,B
68twRL1IsKEsOQb1LClZ9g==,257,C4D183658,U3H940426,05,C,P02196J,TRCJE2F0BKP,400,EA,1922,1700,6,6,,4800403174,
z+JmIVs7JcnSfEXA4gSlGw==,258,C4D183658,U3H940426,04,B,P02196J,TRCJE2F0BKP,100,EA,1700,1700,6,6,,4800404567,B
NnRNVJHK23tcos1fv9wVNg==,259,C4D183658,U3H940426,05,C,P02196J,TRCJE2F0BKP,100,EA,1922,1700,6,6,,4800404567,
hjFapM+NkxkKf/KuFeOPSw==,260,C4D183658,U3H940426,04,B,P02196J,TRCJE2F0BKP,70,EA,1700,1700,6,6,,4800403601,B
j+aalUZocVTjNaqWwz3W1A==,261,C4D183658,U3H940426,05,C,P02196J,TRCJE2F0BKP,70,EA,1922,1700,6,6,,4800403601,
fdIvmiWUyZEhFytZ+vJAvQ==,262,C4D183658,U3H940426,04,B,P02196J,TRCJE2F0BKP,70,EA,1700,1700,6,6,,4800401927,B
nR4LCYP9+sreHRHr5vGMAQ==,263,C4D183658,U3H926610,05,C,P02196J,TRCJE2F0BKP,70,EA,1922,1700,6,6,,4800401927,
EdNYQVww/aUWGRYlBA7NLg==,264,C4D183658,U3H926610,06,A,P02196J,TRCJE2F0BKP,300,EA,1922,1700,6,6,103926610,,
oYDYXQZpBkA4/R4dWvW7AQ==,265,C4D183658,H3E898075,07,C,P02196J-MLD,TRCJE2F0BKP,300,EA,1922,1700,6,6,103926610,,
vXpkJlXoSoWMsLme6fIZJw==,266,C4D183658,H3E898075,08,B,P02196J-MLD,TRCJE2F0BKP,1200,EA,1922,1700,6,6,,4800405573,B
jTeYfPuDRokHu40/d0rpRw==,267,C4D183658,H3E898075,09,C,P02196J-MLD,TRCJE2F0BKP,1200,EA,1500,1700,6,6,,4800405573,
8SO8+9V0n6x0NWTMOd2QDw==,268,C4D183658,H3E898075,10,A,P02196J-MLD,TRCJE2F0BKP,1814,EA,1500,1700,6,6,103898075,,
cvxYpmcDm4fqoNdJXh+f9A==,269,C4D183658,2304410004,11,C,158,TRCJE2F0BKP,287,LB,1500,1700,6,6,103898075,,
21uxz6SXxT42W7/O0I7qYw==,270,C4D183658,2304410004,12,B,158,TRCJE2F0BKP,5400,LB,1500,1700,6,6,,4501038553,B
TzbgbGdA7r29MfxjUMhKsQ==,271,C4D183658,H3E898075,08,B,P02196J-MLD,TRCJE2F0BKP,414,EA,1922,1700,6,6,,4800405907,B
fR6cQShNd8K1WFjzsKQfHw==,272,C4D183658,H3E898075,09,C,P02196J-MLD,TRCJE2F0BKP,414,EA,1500,1700,6,6,,4800405907,
GWJPSHZKKMoTSqLxrq0fMg==,273,C4D183658,H3E898075,08,B,P02196J-MLD,TRCJE2F0BKP,200,EA,1922,1700,6,6,,4800403554,B
ihh1jYP9uAET+dw15SZdxg==,274,C4D183658,H3E898075,09,C,P02196J-MLD,TRCJE2F0BKP,200,EA,1500,1700,6,6,,4800403554,
KzfbaizKC++nNU5TuQ9WaA==,275,C4D183658,U3H940426,04,B,P02196J,TRCJE2F0BKP,30,EA,1700,1700,6,6,,4800401927,B
thwgAMBMI3pB7J342YCBEQ==,276,C4D183658,U3H940426,05,C,P02196J,TRCJE2F0BKP,30,EA,1922,1700,6,6,,4800401927,
/vtm1zv9+y7nIKKGVX58ow==,277,C4D183658,C4C158928,03,C,146009X7-320,TRCJE2F0BKP,117,M,1700,1700,6,6,104183658,,
+03KfNSHZ9Vw4rBKGOxNUw==,278,C4D183658,C4C158928,04,A,146009X7-320,TRCJE2F0BKP,149,M,1700,1700,6,6,104158928,,
0C7L/ulFYQFz1lTvJWHPyQ==,279,C4D183658,NM00067441,05,C,P06003J-L320,TRCJE2F0BKP,150,M,1700,1700,6,6,104158928,,
Q2nDfxUeAafSMYKxKQX3MQ==,280,C4D183658,NM00067441,06,B,P06003J-L320,TRCJE2F0BKP,300,M,1700,1700,6,6,,4501069031,B
e2YbzoE5TQorDCdYnXh4aA==,281,C4D183658,H4D185064,03,C,110412,TRCJE2F0BKP,6,EA,1700,1700,6,6,104183658,,
p7sN4emaSD/hcseOwEPhSg==,282,C4D183658,H4D185064,04,B,110412,TRCJE2F0BKP,817,EA,1700,1700,6,6,,4800445780,B
aijwqyQueHvirgXkTW+STg==,283,C4D183658,H4D185064,05,C,110412,TRCJE2F0BKP,817,EA,1500,1700,6,6,,4800445780,
0oKvkdiTvuekfD4enTUQVg==,284,C4D183658,H4D185064,06,A,110412,TRCJE2F0BKP,2355,EA,1500,1700,6,6,104185064,,
plomKjCzxd1aaCXpXyJI+Q==,285,C4D183658,2401470060,07,C,115,TRCJE2F0BKP,394.8,LB,1500,1700,6,6,104185064,,
5e7jtQWrFpF6n8DosJHAMw==,286,C4D183658,2401470060,08,B,115,TRCJE2F0BKP,3138.767,LB,1500,1700,6,6,,4501067397,B
20xdPJHUauwEh3AWNV2Cow==,287,C4D183658,H4D185064,04,B,110412,TRCJE2F0BKP,817,EA,1700,1700,6,6,,4800445780,B
SNpivmCJjmM3jEt88T05+A==,288,C4D183658,H4D185064,05,C,110412,TRCJE2F0BKP,817,EA,1500,1700,6,6,,4800445780,
txPjraKUq7Ty4pvJvCB7KQ==,289,C4D183658,H4D185064,04,B,110412,TRCJE2F0BKP,330,EA,1700,1700,6,6,,4800446271,B
TrAIL//bnrxM/bIkOqls7w==,290,C4D183658,H4D185064,05,C,110412,TRCJE2F0BKP,330,EA,1500,1700,6,6,,4800446271,
rbhJAsp/eojlxcmNd9Pw7g==,291,C4D183658,H4D185064,04,B,110412,TRCJE2F0BKP,218,EA,1700,1700,6,6,,4800446271,B
PfKLaVJkL31s90/U6kXtZg==,292,C4D183658,H4D185064,05,C,110412,TRCJE2F0BKP,218,EA,1500,1700,6,6,,4800446271,
uCbwBBf6kkmGbrEZyDZZSA==,293,C4D183658,H4D185064,04,B,110412,TRCJE2F0BKP,173,EA,1700,1700,6,6,,4800445780,B
/AWOApagE4NxfNNt5asd6Q==,294,C4D183658,H4D185064,05,C,110412,TRCJE2F0BKP,173,EA,1500,1700,6,6,,4800445780,
CiZNzLtLyJwau+QQ7uyhMA==,2,D322010,D322010,02,B,102500,102500,1225,KG,4165,4165,1225,1225,,4501036342,B
cokVYOdZaVbwVCeHfTppWA==,2,D340930,D340930,02,B,102500,102500,1250,KG,4165,4165,1250,1250,,4501036342,B
SKywBbAPLRpD7Py+40yf1Q==,2,D382451,D382451,02,B,102100,102100,800,KG,4165,4165,800,800,,4501053534,B
wylPms4STA96nImcNXSIXw==,3,D382451,D382451,02,B,102100,102100,475,KG,4165,4165,475,475,,4501049366,B
GgZcjhi/ahzDTBdca8WSPQ==,2,H4D185064,H4D185064,02,B,110412,110412,817,EA,1700,1700,817,817,,4800445780,B
TjGjIb9Mejx/BoJEFiyM4Q==,3,H4D185064,H4D185064,03,C,110412,110412,817,EA,1500,1700,817,817,,4800445780,
EEHVL15HvqBf1c1S9wJZlg==,4,H4D185064,H4D185064,04,A,110412,110412,2355,EA,1500,1700,817,817,104185064,,
4tHCQRuIcJViq4l4nlqOXw==,5,H4D185064,2401470060,05,C,115,110412,394.8,LB,1500,1700,817,817,104185064,,
AbVTR0a51EtGLkAYPalvlw==,6,H4D185064,2401470060,06,B,115,110412,3138.767,LB,1500,1700,817,817,,4501067397,B
zMSfS9lCd9vuO315SeMIBQ==,7,H4D185064,H4D185064,02,B,110412,110412,817,EA,1700,1700,817,817,,4800445780,B
gP0gj59bKXkSBqGTlL5h6w==,8,H4D185064,H4D185064,03,C,110412,110412,817,EA,1500,1700,817,817,,4800445780,
qzPaPT9ZX4PEJyv1ZymNeQ==,9,H4D185064,H4D185064,02,B,110412,110412,330,EA,1700,1700,330,330,,4800446271,B
mWjOlQRv4dlBUxCgl4bPvg==,10,H4D185064,H4D185064,03,C,110412,110412,330,EA,1500,1700,330,330,,4800446271,
sI975ebZ5tQbVv5DhAuA/w==,11,H4D185064,H4D185064,02,B,110412,110412,218,EA,1700,1700,218,218,,4800446271,B
GZiiOkU19AKTOedFyTJlZA==,12,H4D185064,H4D185064,03,C,110412,110412,218,EA,1500,1700,218,218,,4800446271,
TD1yyJabkS3jcayeNwjd9A==,13,H4D185064,H4D185064,02,B,110412,110412,173,EA,1700,1700,173,173,,4800445780,B
hrmxjB16B3n/T5NAB9ua2A==,14,H4D185064,H4D185064,03,C,110412,110412,173,EA,1500,1700,173,173,,4800445780,
rti1gWpuuG8jRXdTvthyZQ==,2,N3P044896,N3P044896,02,A,P04989J-M,P04989J-M,550,EA,4165,4165,550,550,104044896,,
TaQRe+hNchLjueASez5saA==,3,N3P044896,D382451,03,C,102100,P04989J-M,150,KG,4165,4165,550,550,104044896,,
rnC174D0LgVaaC92tQiXMQ==,4,N3P044896,D382451,04,B,102100,P04989J-M,800,KG,4165,4165,550,550,,4501053534,B
SBJmFOhwHeadWVfS7mcdBw==,5,N3P044896,D382451,04,B,102100,P04989J-M,475,KG,4165,4165,550,550,,4501049366,B
kpG5KQPNmcY7w8WwRgaGyg==,2,N3P044897,N3P044897,02,A,P04989J-M,P04989J-M,550,EA,4165,4165,550,550,104044897,,
waziX5b0mYjToI43+5AM2g==,3,N3P044897,D382451,03,C,102100,P04989J-M,150,KG,4165,4165,550,550,104044897,,
QUidnFyuo9XTcHCul+anZw==,4,N3P044897,D382451,04,B,102100,P04989J-M,800,KG,4165,4165,550,550,,4501053534,B
Gw5U7nPFm9kkeR8N/kIeVQ==,5,N3P044897,D382451,04,B,102100,P04989J-M,475,KG,4165,4165,550,550,,4501049366,B
dQESte9K5Uz4DyM5TsMpPQ==,2,N3S011003,N3S011003,02,A,P05500J,P05500J,300,EA,4165,4165,300,300,104011003,,
d8fQZvduFAv01VTUy1RRPw==,2,N3S011003,N3S011003,02,B,P05500J,P05500J,300,EA,1700,1700,300,300,,4800421422,B
5jBMOa8rWGb0m5WWHb3+2A==,3,N3S011003,N3P044896,03,C,P04989J-M,P05500J,187,EA,4165,4165,300,300,104011003,,
IfluCfrOjLxmYBds4p4aOg==,3,N3S011003,N3S011003,03,C,P05500J,P05500J,300,EA,4165,1700,300,300,,4800421422,
amudn6aaK7R2LWkXTY1+kQ==,4,N3S011003,N3P044896,04,A,P04989J-M,P05500J,550,EA,4165,4165,300,300,104044896,,
HLgqxyLnb9/9T/d+U1yNsw==,4,N3S011003,N3S011003,04,A,P05500J,P05500J,300,EA,4165,1700,300,300,104011003,,
SdcrG1uVslKkmjqOtbCCAQ==,5,N3S011003,D382451,05,C,102100,P05500J,150,KG,4165,4165,300,300,104044896,,
vA8dVoC207xOgI/sTl/2qg==,5,N3S011003,N3P044896,05,C,P04989J-M,P05500J,187,EA,4165,1700,300,300,104011003,,
z2qz+uXdeZEXwQmht51IYg==,6,N3S011003,D382451,06,B,102100,P05500J,800,KG,4165,4165,300,300,,4501053534,B
3RYWxx5JOxEw3zzH6NtKTQ==,6,N3S011003,N3P044896,06,A,P04989J-M,P05500J,550,EA,4165,1700,300,300,104044896,,
z4cdffBn7nnPTVNLgxFO0Q==,7,N3S011003,D382451,06,B,102100,P05500J,475,KG,4165,4165,300,300,,4501049366,B
UIXOofxho5QFPa4lA7JcEg==,7,N3S011003,D382451,07,C,102100,P05500J,150,KG,4165,1700,300,300,104044896,,
REI1l8y/mmkjy83AFr5D2A==,8,N3S011003,D382451,08,B,102100,P05500J,800,KG,4165,1700,300,300,,4501053534,B
SDCTxbC+exZJubqo/eEmAg==,8,N3S011003,N3P044897,03,C,P04989J-M,P05500J,113,EA,4165,4165,300,300,104011003,,
IL8B2/WFTLHnSEs8u6heKg==,9,N3S011003,N3P044897,04,A,P04989J-M,P05500J,550,EA,4165,4165,300,300,104044897,,
OHvPGVzGiYjE3L1lQCiwqQ==,9,N3S011003,D382451,08,B,102100,P05500J,475,KG,4165,1700,300,300,,4501049366,B
G1uFlBtkU6PUI6rLsADiXw==,10,N3S011003,D382451,05,C,102100,P05500J,150,KG,4165,4165,300,300,104044897,,
nVo8Rq0WvFbIedhCJ/vc4g==,10,N3S011003,N3P044897,05,C,P04989J-M,P05500J,113,EA,4165,1700,300,300,104011003,,
vyum+Ma+FTgJbQ0BhWW+/g==,11,N3S011003,N3P044897,06,A,P04989J-M,P05500J,550,EA,4165,1700,300,300,104044897,,
ok1yx8duFpxoNXltElnOMQ==,12,N3S011003,D382451,07,C,102100,P05500J,150,KG,4165,1700,300,300,104044897,,
QjD4ib52RYqV2Z8Wzv9Hng==,2,NM00067441,NM00067441,02,B,P06003J-L320,P06003J-L320,300,M,1700,1700,300,300,,4501069031,B
YvfDQDe4uScCs9HBis1UWA==,2,TA17021924,TA17021924,02,B,P05175JPF,P05175JPF,134,EA,4266,4266,134,134,,4800448255,B
5pNAfKLki5NiJkTU7xc7PQ==,2,TA17021924,TA17021924,02,B,P05175JPF,P05175JPF,1000,EA,4165,4165,1000,1000,,4501080685,B
n4i54flAb+xmLal5J2J6KQ==,2,TA17021924,TA17021924,02,B,P05175JPF,P05175JPF,600,EA,1700,1700,600,600,,4800442478,B
YvfDQDe4uScCs9HBis1UWA==,2,TA17021924,TA17021924,02,C,P05175JPF,P05175J,134,EA,4266,4266,134,134,,,
eciLVJLLWQwPz+eg7/9GBQ==,3,TA17021924,TA17021924,03,C,P05175JPF,P05175JPF,134,EA,4165,4266,134,134,,4800448255,
eciLVJLLWQwPz+eg7/9GBQ==,3,TA17021924,TA17021924,03,C,P05175JPF,P05175JPF,600,EA,4165,1700,600,600,,4800442478,
UJxwCYiD4dFQQPPVvOXVKg==,3,TA17021924,TA17021924,03,B,P05175JPF,P05175J,134,EA,4266,4266,134,134,,4800448255,B
HXcGVI24BkjtZwiYiuKfhg==,4,TA17021924,TA17021924,04,B,P05175JPF,P05175JPF,1000,EA,4165,4266,134,134,,4501080685,B
HXcGVI24BkjtZwiYiuKfhg==,4,TA17021924,TA17021924,04,C,P05175JPF,P05175J,134,EA,4165,4266,134,134,,4800448255,
HXcGVI24BkjtZwiYiuKfhg==,4,TA17021924,TA17021924,04,B,P05175JPF,P05175JPF,1000,EA,4165,1700,600,600,,4501080685,B
wEvQ/9deD1oWStFo3tdlqA==,5,TA17021924,TA17021924,05,B,P05175JPF,P05175J,1000,EA,4165,4266,134,134,,4501080685,B
L4qCllpxX6z+5u455jmhOw==,2,U3H926610,U3H926610,02,B,P02196J,P02196J,230,EA,1700,1700,230,230,,4800401652,B
wo+aj+1PeLjkes37zqpuSg==,3,U3H926610,U3H926610,03,C,P02196J,P02196J,230,EA,1922,1700,230,230,,4800401652,
qw7B4WPjj9gd5g5hi+KDFA==,4,U3H926610,U3H926610,04,A,P02196J,P02196J,300,EA,1922,1700,230,230,103926610,,
6/daY7WlJcQrdbZJioPpAw==,5,U3H926610,H3E898075,05,C,P02196J-MLD,P02196J,300,EA,1922,1700,230,230,103926610,,
Sdkr6x4pOQ4vqgv9pO27LA==,6,U3H926610,H3E898075,06,B,P02196J-MLD,P02196J,1200,EA,1922,1700,230,230,,4800405573,B
86aWwtRHNY0w8Pj3d6gX5w==,7,U3H926610,H3E898075,07,C,P02196J-MLD,P02196J,1200,EA,1500,1700,230,230,,4800405573,
8CDnW4sJSjrXCMx2A2YYJg==,8,U3H926610,H3E898075,08,A,P02196J-MLD,P02196J,1814,EA,1500,1700,230,230,103898075,,
PjqXzD7Jc21HjlC94GMsbA==,9,U3H926610,2304410004,09,C,158,P02196J,287,LB,1500,1700,230,230,103898075,,
NEXR6ogpk5kUvoBZtzreqA==,10,U3H926610,2304410004,10,B,158,P02196J,5400,LB,1500,1700,230,230,,4501038553,B
Kx9z3fquQsbb10iAxUbcxg==,11,U3H926610,H3E898075,06,B,P02196J-MLD,P02196J,414,EA,1922,1700,230,230,,4800405907,B
Jeb+t80iCJjigdskXKmv+w==,12,U3H926610,H3E898075,07,C,P02196J-MLD,P02196J,414,EA,1500,1700,230,230,,4800405907,
X12DOLe6nMU987YOLGTdIw==,13,U3H926610,H3E898075,06,B,P02196J-MLD,P02196J,200,EA,1922,1700,230,230,,4800403554,B
e6itazI0vmXukMUTYUrm9A==,14,U3H926610,H3E898075,07,C,P02196J-MLD,P02196J,200,EA,1500,1700,230,230,,4800403554,
bRrl/cTy6dZFi6RSvplr0A==,2,U3H940426,U3H940426,02,B,P02196J,P02196J,400,EA,1700,1700,400,400,,4800404567,B
JjGFzxb2TTLRYmh0mN85zA==,2,U3H940426,U3H940426,02,B,P02196J,P02196J,200,EA,4165,4165,200,200,,4800402072,B
lW76pYxdnrbp5e+0OBpaFA==,3,U3H940426,U3H940426,03,C,P02196J,P02196J,200,EA,1922,4165,200,200,,4800402072,
lW76pYxdnrbp5e+0OBpaFA==,3,U3H940426,U3H940426,03,C,P02196J,P02196J,400,EA,1922,1700,400,400,,4800404567,
YdAdAswa/AquTjE+FjRgiQ==,4,U3H940426,U3H940426,04,A,P02196J,P02196J,1200,EA,1922,1700,400,400,103940426,,
YdAdAswa/AquTjE+FjRgiQ==,4,U3H940426,U3H940426,04,A,P02196J,P02196J,1200,EA,1922,4165,200,200,103940426,,
QjrCT13JlHeZxODXaBsgrg==,5,U3H940426,H3E917972,05,C,P02196J-MLD,P02196J,1200,EA,1922,1700,400,400,103940426,,
QjrCT13JlHeZxODXaBsgrg==,5,U3H940426,H3E917972,05,C,P02196J-MLD,P02196J,1200,EA,1922,4165,200,200,103940426,,
tTLiZeZU2XKzo/NIzZAmUg==,6,U3H940426,H3E917972,06,B,P02196J-MLD,P02196J,1200,EA,1922,4165,200,200,,4800407556,B
tTLiZeZU2XKzo/NIzZAmUg==,6,U3H940426,H3E917972,06,B,P02196J-MLD,P02196J,1200,EA,1922,1700,400,400,,4800407556,B
Hjn8gYhF4686QUaQJOEi4g==,7,U3H940426,H3E917972,07,C,P02196J-MLD,P02196J,1200,EA,1500,1700,400,400,,4800407556,
Hjn8gYhF4686QUaQJOEi4g==,7,U3H940426,H3E917972,07,C,P02196J-MLD,P02196J,1200,EA,1500,4165,200,200,,4800407556,
2Zc6WX3oWsF61adbDZrW2g==,8,U3H940426,H3E917972,08,A,P02196J-MLD,P02196J,2049,EA,1500,1700,400,400,103917972,,
2Zc6WX3oWsF61adbDZrW2g==,8,U3H940426,H3E917972,08,A,P02196J-MLD,P02196J,2049,EA,1500,4165,200,200,103917972,,
3zvIYHQ413JhojJhepK6dg==,9,U3H940426,2304410011,09,C,158,P02196J,317,LB,1500,1700,400,400,103917972,,
3zvIYHQ413JhojJhepK6dg==,9,U3H940426,2304410011,09,C,158,P02196J,317,LB,1500,4165,200,200,103917972,,
tC2hVaVMAqOdMStASzuivg==,10,U3H940426,2304410011,10,B,158,P02196J,5400,LB,1500,1700,400,400,,4501038553,B
tC2hVaVMAqOdMStASzuivg==,10,U3H940426,2304410011,10,B,158,P02196J,5400,LB,1500,4165,200,200,,4501038553,B
9BAzb/KOSMKYAbKFnDCyWg==,11,U3H940426,H3E917972,06,B,P02196J-MLD,P02196J,600,EA,1922,4165,200,200,,4800408450,B
9BAzb/KOSMKYAbKFnDCyWg==,11,U3H940426,H3E917972,06,B,P02196J-MLD,P02196J,600,EA,1922,1700,400,400,,4800408450,B
TzpLYFjRFThl0pZmh7/W+Q==,12,U3H940426,H3E917972,07,C,P02196J-MLD,P02196J,600,EA,1500,4165,200,200,,4800408450,
TzpLYFjRFThl0pZmh7/W+Q==,12,U3H940426,H3E917972,07,C,P02196J-MLD,P02196J,600,EA,1500,1700,400,400,,4800408450,
syltAQ91n5KZF/ALDULxng==,13,U3H940426,H3E917972,06,B,P02196J-MLD,P02196J,200,EA,1922,1700,400,400,,4800405907,B
syltAQ91n5KZF/ALDULxng==,13,U3H940426,H3E917972,06,B,P02196J-MLD,P02196J,200,EA,1922,4165,200,200,,4800405907,B
wfDpNN/7WXm9QunIZyoTTg==,14,U3H940426,H3E917972,07,C,P02196J-MLD,P02196J,200,EA,1500,4165,200,200,,4800405907,
wfDpNN/7WXm9QunIZyoTTg==,14,U3H940426,H3E917972,07,C,P02196J-MLD,P02196J,200,EA,1500,1700,400,400,,4800405907,
x14kEXLEyzvnIiIGZX3g4A==,15,U3H940426,H3E917972,06,B,P02196J-MLD,P02196J,49,EA,1922,1700,400,400,,4800409389,B
x14kEXLEyzvnIiIGZX3g4A==,15,U3H940426,H3E917972,06,B,P02196J-MLD,P02196J,49,EA,1922,4165,200,200,,4800409389,B
CpQBiYhI4h/KqJ63REw8QA==,16,U3H940426,H3E917972,07,C,P02196J-MLD,P02196J,49,EA,1500,1700,400,400,,4800409389,
CpQBiYhI4h/KqJ63REw8QA==,16,U3H940426,H3E917972,07,C,P02196J-MLD,P02196J,49,EA,1500,4165,200,200,,4800409389,
7ZB2WaoqRagz8cn6El7ISw==,17,U3H940426,U3H940426,02,B,P02196J,P02196J,400,EA,1700,1700,400,400,,4800403174,B
SQKNc/852in+QyuBX4bPdw==,18,U3H940426,U3H940426,03,C,P02196J,P02196J,400,EA,1922,1700,400,400,,4800403174,
0B0v24XsEt8iTreXH+ggIg==,19,U3H940426,U3H940426,02,B,P02196J,P02196J,100,EA,1700,1700,100,100,,4800404567,B
weC6GPprAA0qb4s60l7hqQ==,20,U3H940426,U3H940426,03,C,P02196J,P02196J,100,EA,1922,1700,100,100,,4800404567,
Ezg1A/E6wzr08SWReFia2Q==,21,U3H940426,U3H940426,02,B,P02196J,P02196J,70,EA,1700,1700,70,70,,4800403601,B
QN29DgfrjtYv80XRzq+cyA==,22,U3H940426,U3H940426,03,C,P02196J,P02196J,70,EA,1922,1700,70,70,,4800403601,
qOrVWL7UCPGf9VKwgNSb/A==,23,U3H940426,U3H940426,02,B,P02196J,P02196J,70,EA,1700,1700,70,70,,4800401927,B
26M6bV9l4ou39de///socA==,24,U3H940426,U3H926610,03,C,P02196J,P02196J,70,EA,1922,1700,70,70,,4800401927,
d3BF2N68xe71NPgjGc3KPg==,25,U3H940426,U3H926610,04,A,P02196J,P02196J,300,EA,1922,1700,70,70,103926610,,
V4V6kk8l8kZ6+FIUYMA2iQ==,26,U3H940426,H3E898075,05,C,P02196J-MLD,P02196J,300,EA,1922,1700,70,70,103926610,,
CGUCkr8PYaklsHBjO1VOPw==,27,U3H940426,H3E898075,06,B,P02196J-MLD,P02196J,1200,EA,1922,1700,70,70,,4800405573,B
3dhkxkhHaub4L0KeL/opbA==,28,U3H940426,H3E898075,07,C,P02196J-MLD,P02196J,1200,EA,1500,1700,70,70,,4800405573,
wpAernYqcHGv7+lykPyxbA==,29,U3H940426,H3E898075,08,A,P02196J-MLD,P02196J,1814,EA,1500,1700,70,70,103898075,,
fit5sMLBSEFe6sDDSNN1DQ==,30,U3H940426,2304410004,09,C,158,P02196J,287,LB,1500,1700,70,70,103898075,,
5Ktmo1MKjXszpYaLWfsBkw==,31,U3H940426,2304410004,10,B,158,P02196J,5400,LB,1500,1700,70,70,,4501038553,B
t4ctiAhbOKV8UQZj6cnXPg==,32,U3H940426,H3E898075,06,B,P02196J-MLD,P02196J,414,EA,1922,1700,70,70,,4800405907,B
GITgqk1lf3Lc2ObzTA26vg==,33,U3H940426,H3E898075,07,C,P02196J-MLD,P02196J,414,EA,1500,1700,70,70,,4800405907,
pc3yckodRCEJRknhtQk58w==,34,U3H940426,H3E898075,06,B,P02196J-MLD,P02196J,200,EA,1922,1700,70,70,,4800403554,B
chdxr3ltsgZSMJni3sXBRw==,35,U3H940426,H3E898075,07,C,P02196J-MLD,P02196J,200,EA,1500,1700,70,70,,4800403554,
J3eokuUkWoTDqTtGBWq/FQ==,36,U3H940426,U3H940426,02,B,P02196J,P02196J,30,EA,1700,1700,30,30,,4800401927,B
bGIGD8PlxxsT5QwGIZ27xA==,37,U3H940426,U3H940426,03,C,P02196J,P02196J,30,EA,1922,1700,30,30,,4800401927,
YYpvh1+3MaYpsp+8OC2jyA==,2,U4A112981,U4A112981,02,B,P02197J,P02197J,1218,EA,1700,1700,1218,1218,,4800419178,B
mCazR0abYO9bZAa+HFw5og==,3,U4A112981,U4A112981,03,C,P02197J,P02197J,1218,EA,1922,1700,1218,1218,,4800419178,
oxt8vzzAMRztdpczKCkx4A==,4,U4A112981,U4A112981,04,A,P02197J,P02197J,1450,EA,1922,1700,1218,1218,104112981,,
kgoLktL2OCTNrIqMqrB95w==,5,U4A112981,H4A111444,05,C,P02197J-MLD,P02197J,837,EA,1922,1700,1218,1218,104112981,,
h2uETKkRByVcB+j35x58Zw==,6,U4A112981,H4A111444,06,B,P02197J-MLD,P02197J,837,EA,1922,1700,1218,1218,,4800434230,B
Y2VD3VyR+X7Qt41shfI6Dg==,7,U4A112981,H4A111444,07,C,P02197J-MLD,P02197J,837,EA,1500,1700,1218,1218,,4800434230,
roG4GgN4lgOZhS7EDasJyg==,8,U4A112981,H4A111444,08,A,P02197J-MLD,P02197J,837,EA,1500,1700,1218,1218,104111444,,
d3zAA+XefLDkJp3vrjODag==,9,U4A112981,2309470074,09,C,158,P02197J,144.004,LB,1500,1700,1218,1218,104111444,,
ucPCZniEf5MMEioSWh6Sjw==,10,U4A112981,2309470074,10,B,158,P02197J,5286.344,LB,1500,1700,1218,1218,,4501054020,B
J5Eei1sVy7ZbOPjjxLI7HQ==,11,U4A112981,H3S082984,05,C,P02197J-MLD,P02197J,287,EA,1922,1700,1218,1218,104112981,,
sCn4AOA5S8IiOi+swHp8GA==,12,U4A112981,H3S082984,06,B,P02197J-MLD,P02197J,840,EA,1922,1700,1218,1218,,4800426727,B
ZeldfjCrSh0FWxDh31s4YA==,13,U4A112981,H3S082984,07,C,P02197J-MLD,P02197J,840,EA,1500,1700,1218,1218,,4800426727,
H2xeR3ceDRnmyeIYFu2GEA==,14,U4A112981,H3S082984,08,A,P02197J-MLD,P02197J,2250,EA,1500,1700,1218,1218,104082984,,
bDPMymNfjWMcqy3FeZvNgA==,15,U4A112981,2307470044,09,C,158,P02197J,363.6,LB,1500,1700,1218,1218,104082984,,
55qbpfT93D0QqJpmJK2Ckg==,16,U4A112981,2307470044,10,B,158,P02197J,4625.544,LB,1500,1700,1218,1218,,4501048138,B
l+z72Mu1wL5FmcDA+pjFxQ==,17,U4A112981,H3S082984,06,B,P02197J-MLD,P02197J,700,EA,1922,1700,1218,1218,,4800426727,B
RC73QXHQryaRnGdC79t0gg==,18,U4A112981,H3S082984,07,C,P02197J-MLD,P02197J,700,EA,1500,1700,1218,1218,,4800426727,
MiYwakdllSCznMnFM7MEFQ==,19,U4A112981,H3S082984,06,B,P02197J-MLD,P02197J,430,EA,1922,1700,1218,1218,,4800426727,B
q958InxKlL9KPGcCNRK0bQ==,20,U4A112981,H3S082984,07,C,P02197J-MLD,P02197J,430,EA,1500,1700,1218,1218,,4800426727,
+nlKnF4oUVKZkMso0AX0kw==,21,U4A112981,H3S082984,06,B,P02197J-MLD,P02197J,280,EA,1922,1700,1218,1218,,4800426727,B
LisUIz1DeEIMQ1YO+pZ87w==,22,U4A112981,H3S082984,07,C,P02197J-MLD,P02197J,280,EA,1500,1700,1218,1218,,4800426727,
IbPyo5HZkiikLZvpUcAs8w==,23,U4A112981,H3P063791,05,C,P02197J-MLD,P02197J,117,EA,1922,1700,1218,1218,104112981,,
OrIBwQ62XbHR3Lhs9pTutQ==,24,U4A112981,H3P063791,06,B,P02197J-MLD,P02197J,980,EA,1922,1700,1218,1218,,4800425996,B
Oa2We6ypLH+gm5CgYieAAA==,25,U4A112981,H3P063791,07,C,P02197J-MLD,P02197J,980,EA,1500,1700,1218,1218,,4800425996,
v/XN+xjw6GP/UvGrqvZs8A==,26,U4A112981,H3P063791,08,A,P02197J-MLD,P02197J,2660,EA,1500,1700,1218,1218,104063791,,
LWLLEvbiWj3uHoJO0n5RVg==,27,U4A112981,2307470027,09,C,158,P02197J,261.6,LB,1500,1700,1218,1218,104063791,,
syqkXcaYYg48o+TdUfv+SQ==,28,U4A112981,2307470027,10,B,158,P02197J,3083.696,LB,1500,1700,1218,1218,,4501048138,B
jeTF0oUmAk2P3E8YoTPv8g==,29,U4A112981,2308470004,09,C,158,P02197J,165.3,LB,1500,1700,1218,1218,104063791,,
mhsq0bJJOuxWAFBaDWDX1Q==,30,U4A112981,2308470004,10,B,158,P02197J,4680.617,LB,1500,1700,1218,1218,,4501054020,B
vgqu8/LVZmYDdPNHtyM5YA==,31,U4A112981,H3P063791,06,B,P02197J-MLD,P02197J,840,EA,1922,1700,1218,1218,,4800425996,B
8MtzxwA6GnYXcKehvHsf+w==,32,U4A112981,H3P063791,07,C,P02197J-MLD,P02197J,840,EA,1500,1700,1218,1218,,4800425996,
D8Cu4TZ2QStV7v1RBQ3/HA==,33,U4A112981,H3P063791,06,B,P02197J-MLD,P02197J,700,EA,1922,1700,1218,1218,,4800425996,B
nXPW6cfl5G6yqQaDMSDYMA==,34,U4A112981,H3P063791,07,C,P02197J-MLD,P02197J,700,EA,1500,1700,1218,1218,,4800425996,
DyOxGe1cu50+qXnkEWhLJg==,35,U4A112981,H3P063791,06,B,P02197J-MLD,P02197J,140,EA,1922,1700,1218,1218,,4800425996,B
+ztix+PVXJ8zF/RQr9eenw==,36,U4A112981,H3P063791,07,C,P02197J-MLD,P02197J,140,EA,1500,1700,1218,1218,,4800425996,
vlrnPVk8uk3UoAxBMRWI4g==,37,U4A112981,H3M001663,05,C,P02197J-MLD,P02197J,111,EA,1922,1700,1218,1218,104112981,,
dZTGJF4ZdEr+YaH3IHsaYA==,38,U4A112981,H3M001663,06,B,P02197J-MLD,P02197J,1540,EA,1922,1700,1218,1218,,4800417948,B
MkyHyvXdukG+rD/5Xi/n8g==,39,U4A112981,H3M001663,07,C,P02197J-MLD,P02197J,1540,EA,1500,1700,1218,1218,,4800417948,
tl1+PUQ27G3x+ACcFjgU2g==,40,U4A112981,H3M001663,08,A,P02197J-MLD,P02197J,3640,EA,1500,1700,1218,1218,104001663,,
coo/dS/6Bj9hu5frK76cVg==,41,U4A112981,2307410023,09,C,158,P02197J,260,LB,1500,1700,1218,1218,104001663,,
ct0xo/8gvO3EYzbCk2j5Kw==,42,U4A112981,2307410023,10,B,158,P02197J,5400,LB,1500,1700,1218,1218,,4501048138,B
llRT7W7jgNC7OOJHZg4/Fg==,43,U4A112981,2307410021,09,C,158,P02197J,245,LB,1500,1700,1218,1218,104001663,,
1a1cbgw35Es1GULJ58FAmQ==,44,U4A112981,2307410021,10,B,158,P02197J,5226,LB,1500,1700,1218,1218,,4501048138,B
a1YJkHm5+N+cVNVgHKCcFA==,45,U4A112981,2307410025,09,C,158,P02197J,63.4,LB,1500,1700,1218,1218,104001663,,
uldooSaxf8C2qqAqm3FyZw==,46,U4A112981,2307410025,10,B,158,P02197J,5400,LB,1500,1700,1218,1218,,4501048138,B
WCCwLC5Tnbek8PtV0Pah1g==,47,U4A112981,H3M001663,06,B,P02197J-MLD,P02197J,700,EA,1922,1700,1218,1218,,4800424532,B
ESEXZhM8P6CdAWj6Jo2wPQ==,48,U4A112981,H3M001663,07,C,P02197J-MLD,P02197J,700,EA,1500,1700,1218,1218,,4800424532,
cfzmNncjxDvQ4UTMM4Dnaw==,49,U4A112981,H3M001663,06,B,P02197J-MLD,P02197J,560,EA,1922,1700,1218,1218,,4800422934,B
zD6J2qdtDwWJ1mGlqSRs+g==,50,U4A112981,H3M001663,07,C,P02197J-MLD,P02197J,560,EA,1500,1700,1218,1218,,4800422934,
PEDSB05D7tC1LR2rK7TkPg==,51,U4A112981,H3M001663,06,B,P02197J-MLD,P02197J,420,EA,1922,1700,1218,1218,,4800418954,B
YXkNtjQAAbU8ukNVFMq/fQ==,52,U4A112981,H3M001663,07,C,P02197J-MLD,P02197J,420,EA,1500,1700,1218,1218,,4800418954,
xhSHLMB+KahZMr3qNKINkA==,53,U4A112981,H3M001663,06,B,P02197J-MLD,P02197J,420,EA,1922,1700,1218,1218,,4800417435,B
AfUfv03LHi6PTh4TjU1rFQ==,54,U4A112981,H3M001663,07,C,P02197J-MLD,P02197J,420,EA,1500,1700,1218,1218,,4800417435,
Ur49hOymdP8yQOnFXoMYuA==,55,U4A112981,H3M001663,06,B,P02197J-MLD,P02197J,57,EA,1922,1700,1218,1218,,4800422934,B
4TXBTKrFveKha/kGf9YQag==,56,U4A112981,H3M001663,07,C,P02197J-MLD,P02197J,57,EA,1500,1700,1218,1218,,4800422934,
PcJQ1+o7tarp6QzIMux/ig==,57,U4A112981,H3D888210,05,C,P02197J-MLD,P02197J,50,EA,1922,1700,1218,1218,104112981,,
ugxw23kJyC+TifnSnw+3TQ==,58,U4A112981,H3D888210,06,B,P02197J-MLD,P02197J,1608,EA,1922,1700,1218,1218,,4800403554,B
yDNqzrVmD3C0v0NxqxjYFg==,59,U4A112981,H3D888210,07,C,P02197J-MLD,P02197J,1608,EA,1500,1700,1218,1218,,4800403554,
WQMpKYVNSsSzvc7ZognfFw==,60,U4A112981,H3D888210,08,A,P02197J-MLD,P02197J,6869,EA,1500,1700,1218,1218,103888210,,
R70UIpIF0tL+d4vavdFPoQ==,61,U4A112981,2304410006,09,C,158,P02197J,743.46,LB,1500,1700,1218,1218,103888210,,
8cGSth7NBv6JpSUhBTxGIg==,62,U4A112981,2304410006,10,B,158,P02197J,5400,LB,1500,1700,1218,1218,,4501038553,B
PHH9RecPSQ3r3agtZWs4SA==,63,U4A112981,2303410013,09,C,158,P02197J,214.5,LB,1500,1700,1218,1218,103888210,,
o6L/y4tWgdLNQNvBMRNR7A==,64,U4A112981,2303410013,10,B,158,P02197J,5211,LB,1500,1700,1218,1218,,4501031302,B
9jCMjdkEtdTV89XJOmUhZw==,65,U4A112981,2304410000,09,C,158,P02197J,43,LB,1500,1700,1218,1218,103888210,,
FKxMzZHUuFN2mdjvHs+2AQ==,66,U4A112981,2304410000,10,B,158,P02197J,5239,LB,1500,1700,1218,1218,,4501031302,B
iw+gHq1hz+/VuHiFjpFlhA==,67,U4A112981,H3D888210,06,B,P02197J-MLD,P02197J,948,EA,1922,1700,1218,1218,,4800401726,B
kojygd7fL7YcacKWHyiOSA==,68,U4A112981,H3D888210,07,C,P02197J-MLD,P02197J,948,EA,1500,1700,1218,1218,,4800401726,
o73qDhEgBgSVofvR0kNqfA==,69,U4A112981,H3D888210,06,B,P02197J-MLD,P02197J,912,EA,1922,1700,1218,1218,,4800403554,B
W4v23P510RO8SfadgZ5MVg==,70,U4A112981,H3D888210,07,C,P02197J-MLD,P02197J,912,EA,1500,1700,1218,1218,,4800403554,
gPJN6nFLspB3dHRbKxsv5w==,71,U4A112981,H3D888210,06,B,P02197J-MLD,P02197J,840,EA,1922,1700,1218,1218,,4800403554,B
4aj6w0SO2lmHeZwqtu3InA==,72,U4A112981,H3D888210,07,C,P02197J-MLD,P02197J,840,EA,1500,1700,1218,1218,,4800403554,
lw0Ma5FFm67FwbjB5ub8Ag==,73,U4A112981,H3D888210,06,B,P02197J-MLD,P02197J,840,EA,1922,1700,1218,1218,,4800401636,B
ElaiobiPkHmGB/OzFLZRRw==,74,U4A112981,H3D888210,07,C,P02197J-MLD,P02197J,840,EA,1500,1700,1218,1218,,4800401636,
r5WYeVZ9RdGzfjrchzEpgQ==,75,U4A112981,H3D888210,06,B,P02197J-MLD,P02197J,652,EA,1922,1700,1218,1218,,4800401726,B
6vaKYzXDN7ZekG8GpCWWcA==,76,U4A112981,H3D888210,07,C,P02197J-MLD,P02197J,652,EA,1500,1700,1218,1218,,4800401726,
5fJcJGxZAGaSfReU8K7TSA==,77,U4A112981,H3D888210,06,B,P02197J-MLD,P02197J,452,EA,1922,1700,1218,1218,,4800401636,B
R5dEQbGRvWcgjNp0xfpnbA==,78,U4A112981,H3D888210,07,C,P02197J-MLD,P02197J,452,EA,1500,1700,1218,1218,,4800401636,
JjNNn5SagJh9/6Nz95KcRg==,79,U4A112981,H3D888210,06,B,P02197J-MLD,P02197J,248,EA,1922,1700,1218,1218,,4800403554,B
SGZ7drq5/Khj8QtGfkfPUg==,80,U4A112981,H3D888210,07,C,P02197J-MLD,P02197J,248,EA,1500,1700,1218,1218,,4800403554,
vzm2qi8qeSJfz0O9WUcTeQ==,81,U4A112981,H3D888210,06,B,P02197J-MLD,P02197J,48,EA,1922,1700,1218,1218,,4800403554,B
Dq9A350rRDihqw+b+X09TQ==,82,U4A112981,H3D888210,07,C,P02197J-MLD,P02197J,48,EA,1500,1700,1218,1218,,4800403554,
Gp0s4Ne+vyW1OV3ksYT18g==,83,U4A112981,H3D888210,06,B,P02197J-MLD,P02197J,45,EA,1922,1700,1218,1218,,4800403554,B
raP87hxbA9XZYvxclbx3oQ==,84,U4A112981,H3D888210,07,C,P02197J-MLD,P02197J,45,EA,1500,1700,1218,1218,,4800403554,
vNmFYB6U+E4bM4VgqsFPqA==,85,U4A112981,H2E601638,06,C,P02197J-MLD,P02197J,7,EA,1922,1700,1218,1218,,,
Mg6M6ng7VzC5P4NjQkqRKA==,86,U4A112981,H2E601638,07,B,P02197J-MLD,P02197J,953,EA,1922,1700,1218,1218,,4800374910,B
PAApVNo7Nw63oIOH7oWM8g==,87,U4A112981,H2E601638,08,C,P02197J-MLD,P02197J,953,EA,1500,1700,1218,1218,,4800374910,
Md4S8EU0+8AMUS7kkci/Mw==,88,U4A112981,H2E601638,09,A,P02197J-MLD,P02197J,1607,EA,1500,1700,1218,1218,103601638,,
816I0O1onrIEvFjlRXhvZg==,89,U4A112981,2204410006,10,C,158,P02197J,255,LB,1500,1700,1218,1218,103601638,,
32HbmWDNsAcYEurwl/fbxA==,90,U4A112981,2204410006,11,B,158,P02197J,5400,LB,1500,1700,1218,1218,,4501008726,B
ZmkdFm7BxkR8w54luBGiog==,91,U4A112981,H2E601638,07,B,P02197J-MLD,P02197J,647,EA,1922,1700,1218,1218,,4800374910,B
/XZ3LLfPoKHrHqXSXFNmsw==,92,U4A112981,H2E601638,08,C,P02197J-MLD,P02197J,647,EA,1500,1700,1218,1218,,4800374910,
Awx05/b/OM1ZvP3pIZkZ3w==,93,U4A112981,H2E601638,07,B,P02197J-MLD,P02197J,7,EA,1922,1700,1218,1218,,4800376905,B
m8vmQ9hcoLC88Vb7WgBUkw==,94,U4A112981,H2E601638,08,C,P02197J-MLD,P02197J,7,EA,1500,1700,1218,1218,,4800376905,
ABPsyB9zfSkMDG6csI84aA==,95,U4A112981,H3H934871,05,C,P02197J-MLD,P02197J,40,EA,1922,1700,1218,1218,104112981,,
/pvFHiZT+flFixBJBSb8NQ==,96,U4A112981,H3H934871,06,B,P02197J-MLD,P02197J,1540,EA,1922,1700,1218,1218,,4800407790,B
3uVnvWbzN8Az1LsLx3hRUg==,97,U4A112981,H3H934871,07,C,P02197J-MLD,P02197J,1540,EA,1500,1700,1218,1218,,4800407790,
CWkpOWLPweIB4wxhcXDgkw==,98,U4A112981,H3H934871,08,A,P02197J-MLD,P02197J,3500,EA,1500,1700,1218,1218,103934871,,
04iDOoofoh+04IwRfd69xg==,99,U4A112981,2304410020,09,C,158,P02197J,351,LB,1500,1700,1218,1218,103934871,,
YJckTTNl8Wxxos7JqnaElA==,100,U4A112981,2304410020,10,B,158,P02197J,5400,LB,1500,1700,1218,1218,,4501038553,B
fVZL1t0ePnyiYVKNasfsCw==,101,U4A112981,2304410022,09,C,158,P02197J,158,LB,1500,1700,1218,1218,103934871,,
gYzZYTar0Dwm5IuDn5CCbg==,102,U4A112981,2304410022,10,B,158,P02197J,5362,LB,1500,1700,1218,1218,,4501038553,B
FPLNaek+6a6X2NYZOUqSOA==,103,U4A112981,H3H934871,08,C,P02197J-MLD,P02197J,56,EA,1922,1700,1218,1218,,,
R8P3lY3nFpoNGULnHwUU2A==,104,U4A112981,H3H934871,06,B,P02197J-MLD,P02197J,980,EA,1922,1700,1218,1218,,4800408735,B
fEwUgWoxH/x8i0p2TWREPw==,105,U4A112981,H3H934871,07,C,P02197J-MLD,P02197J,980,EA,1500,1700,1218,1218,,4800408735,
SHfTLHWZCMKm/twzMJ95Fg==,106,U4A112981,H3H934871,06,B,P02197J-MLD,P02197J,980,EA,1922,1700,1218,1218,,4800407556,B
ueI0PR4kgLdQ9fcr82k8bw==,107,U4A112981,H3H934871,07,C,P02197J-MLD,P02197J,980,EA,1500,1700,1218,1218,,4800407556,
i1wSUVA9k8+3Tf5zHHvSwQ==,108,U4A112981,H3K970264,05,C,P02197J-MLD,P02197J,20,EA,1922,1700,1218,1218,104112981,,
5chYlsu1bWI1P/5cMxSUDA==,109,U4A112981,H3K970264,06,B,P02197J-MLD,P02197J,1540,EA,1922,1700,1218,1218,,4800413080,B
b+OVwXj9YbeIzZ8BpMqsFg==,110,U4A112981,H3K970264,07,C,P02197J-MLD,P02197J,1540,EA,1500,1700,1218,1218,,4800413080,
Jt3aOb1Iae/cZVoFiOSFRA==,111,U4A112981,H3K970264,08,A,P02197J-MLD,P02197J,2940,EA,1500,1700,1218,1218,103970264,,
O85S+HHXg5kT8G96/2/GHw==,112,U4A112981,2307410018,09,C,158,P02197J,375,LB,1500,1700,1218,1218,103970264,,
h1OHJ07J3UquGuP4DHEOyQ==,113,U4A112981,2307410018,10,B,158,P02197J,5284,LB,1500,1700,1218,1218,,4501048138,B
vfqkhtQzHu4O3Sc8PHEznw==,114,U4A112981,2307410016,09,C,158,P02197J,86,LB,1500,1700,1218,1218,103970264,,
BgaSqh0A5hACtlUrZXfK2w==,115,U4A112981,2307410016,10,B,158,P02197J,5400,LB,1500,1700,1218,1218,,4501048138,B
JJCw96P6qY6EfovMijvs1w==,116,U4A112981,H3K970264,06,B,P02197J-MLD,P02197J,1260,EA,1922,1700,1218,1218,,4800414283,B
xeejjRaGZjcRvP+PeZIjoA==,117,U4A112981,H3K970264,07,C,P02197J-MLD,P02197J,1260,EA,1500,1700,1218,1218,,4800414283,
N06DU+MgPqXyi+jdEVwZzg==,118,U4A112981,H3K970264,06,B,P02197J-MLD,P02197J,140,EA,1922,1700,1218,1218,,4800414283,B
4qBaPv+yS5ilUvtuuB38IQ==,119,U4A112981,H3K970264,07,C,P02197J-MLD,P02197J,140,EA,1500,1700,1218,1218,,4800414283,
PdUfeiZ6wayK4CiFnYQDIg==,120,U4A112981,H3M0001663,05,C,P02197J-MLD,P02197J,1,EA,1922,1700,1218,1218,104112981,,
9sGy85XpKKziLQSxA7ws5Q==,121,U4A112981,H3C863387,05,C,P02197J-MLD,P02197J,1,EA,1922,1700,1218,1218,104112981,,
ksnkYMFb2k7ZRxdrMfqo+A==,122,U4A112981,H3C863387,06,B,P02197J-MLD,P02197J,1400,EA,1922,1700,1218,1218,,4800399788,B
KJtp9CoU0k3+a502HcLYMQ==,123,U4A112981,H3C863387,07,C,P02197J-MLD,P02197J,1400,EA,1500,1700,1218,1218,,4800399788,
Dadud4rgI0lcERNX/Uu4Ig==,124,U4A112981,H3C863387,08,A,P02197J-MLD,P02197J,3108,EA,1500,1700,1218,1218,103863387,,
bOOAXhjxhWq7+wcx+XouJQ==,125,U4A112981,2303410019,09,C,158,P02197J,470,LB,1500,1700,1218,1218,103863387,,
CMjY1I7uLu04Ps+suA5g+A==,126,U4A112981,2303410019,10,B,158,P02197J,5136,LB,1500,1700,1218,1218,,4501031302,B
EyK1fikUlQuzUZIq4KLKPA==,127,U4A112981,2303410012,09,C,158,P02197J,5.6,LB,1500,1700,1218,1218,103863387,,
Hd101dQKIaWq1Hj0RrUToA==,128,U4A112981,2303410012,10,B,158,P02197J,5354.427,LB,1500,1700,1218,1218,,4501031302,B
lXqEjKWwh03qW52gv6YMzA==,129,U4A112981,2303410009,09,C,158,P02197J,3.9,LB,1500,1700,1218,1218,103863387,,
U8mGK+q4XldruqD3q+4JIA==,130,U4A112981,2303410009,10,B,158,P02197J,5361.41,LB,1500,1700,1218,1218,,4501031302,B
cead/aKeDihiWU1GQ1xRTA==,131,U4A112981,H3C863387,06,B,P02197J-MLD,P02197J,560,EA,1922,1700,1218,1218,,4800401206,B
eqRwG0DMRIM/WD2SzL4PBQ==,132,U4A112981,H3C863387,07,C,P02197J-MLD,P02197J,560,EA,1500,1700,1218,1218,,4800401206,
58DbrsJf1EbQPsHI9nUIiw==,133,U4A112981,H3C863387,06,B,P02197J-MLD,P02197J,420,EA,1922,1700,1218,1218,,4800401206,B
xl+geSCgdbjuDJUXoF/sXg==,134,U4A112981,H3C863387,07,C,P02197J-MLD,P02197J,420,EA,1500,1700,1218,1218,,4800401206,
jdI3JRJWyJHgr+5wjpK5ug==,135,U4A112981,H3C863387,06,B,P02197J-MLD,P02197J,340,EA,1922,1700,1218,1218,,4800401206,B
jBkxzFNBIUXeTyrgry/Rtw==,136,U4A112981,H3C863387,07,C,P02197J-MLD,P02197J,340,EA,1500,1700,1218,1218,,4800401206,
x6AKJ96LnvaQVD7QuIRahg==,137,U4A112981,H3C863387,06,B,P02197J-MLD,P02197J,280,EA,1922,1700,1218,1218,,4800401206,B
dDsUa+PRMa7r2xIzWxyquQ==,138,U4A112981,H3C863387,07,C,P02197J-MLD,P02197J,280,EA,1500,1700,1218,1218,,4800401206,
ifvWDIqDUw/NFZQ5n8fVWA==,139,U4A112981,H3C863387,06,B,P02197J-MLD,P02197J,80,EA,1922,1700,1218,1218,,4800401636,B
4HumGGMnPae8qtaxsQwFQg==,140,U4A112981,H3C863387,07,C,P02197J-MLD,P02197J,80,EA,1500,1700,1218,1218,,4800401636,
dAfdh+Gf9xk7WtVgD/p5ew==,141,U4A112981,H3C863387,06,B,P02197J-MLD,P02197J,28,EA,1922,1700,1218,1218,,4800401636,B
xBvaDSmHGSBszQiymsUnbA==,142,U4A112981,H3C863387,07,C,P02197J-MLD,P02197J,28,EA,1500,1700,1218,1218,,4800401636,
AqvB8ili/wUk5vrQB3rPNw==,143,U4A112981,U4A112981,02,B,P02197J,P02197J,232,EA,1700,1700,232,232,,4800445781,B
GXlBVjg9WfLbXC/yKrsaEQ==,144,U4A112981,U4A112981,03,C,P02197J,P02197J,232,EA,1922,1700,232,232,,4800445781,
4hAe6FBLJy8S2rYCCq8opQ==,2,U4A122382,U4A122382,02,B,P03642JX2,P03642JX2,432,EA,1700,1700,432,432,,4800419178,B
TZq6RG1p6447Ctrm3onNWQ==,3,U4A122382,U4A122382,03,C,P03642JX2,P03642JX2,432,EA,1922,1700,432,432,,4800419178,
J8rvqT7+l6Al0eM6vxb68A==,4,U4A122382,U4A122382,04,A,P03642JX2,P03642JX2,432,EA,1922,1700,432,432,104122382,,
EcBGtzJ35jktonPJMYi4+w==,5,U4A122382,H4A122337,05,C,P03642JX2-MLD,P03642JX2,432,EA,1922,1700,432,432,104122382,,
IPGkw0TOed8sExbzqYdaRA==,6,U4A122382,H4A122337,06,B,P03642JX2-MLD,P03642JX2,1944,EA,1922,1700,432,432,,4800434230,B
OUpmob4a8Vvq21/kabHzmQ==,7,U4A122382,H4A122337,07,C,P03642JX2-MLD,P03642JX2,1944,EA,1500,1700,432,432,,4800434230,
HiJKQtKDMrdBakZPdpg96A==,8,U4A122382,H4A122337,08,A,P03642JX2-MLD,P03642JX2,5832,EA,1500,1700,432,432,104122337,,
KaYgvGW/0eCxeMMfCh5PKQ==,9,U4A122382,2309470078,09,C,158,P03642JX2,2014.4,LB,1500,1700,432,432,104122337,,
U3oAxIS1VgL8GNcc1c3xKQ==,10,U4A122382,2309470078,10,B,158,P03642JX2,5341.41,LB,1500,1700,432,432,,4501054020,B
stCry8BHofS2StUxXLDQhA==,11,U4A122382,2309470076,09,C,158,P03642JX2,980.15,LB,1500,1700,432,432,104122337,,
wVjgbfCqIS8ZJPhhmSZAbg==,12,U4A122382,2309470076,10,B,158,P03642JX2,5286.344,LB,1500,1700,432,432,,4501054020,B
v7lVr+XFt2m1j7T3fYiSjQ==,13,U4A122382,2309470071,09,C,158,P03642JX2,606.1,LB,1500,1700,432,432,104122337,,
F198W/UTNgGsPa00TxKCDA==,14,U4A122382,2309470071,10,B,158,P03642JX2,5286.344,LB,1500,1700,432,432,,4501054020,B
FSpTXZPW9C9T0DZPstVfaA==,15,U4A122382,H4A122337,06,B,P03642JX2-MLD,P03642JX2,864,EA,1922,1700,432,432,,4800430864,B
lkLJ0DMmILSELsZ8pUIMLw==,16,U4A122382,H4A122337,07,C,P03642JX2-MLD,P03642JX2,864,EA,1500,1700,432,432,,4800430864,
t2ITf9UINhOYt2wnBk4p6g==,17,U4A122382,H4A122337,06,B,P03642JX2-MLD,P03642JX2,864,EA,1922,1700,432,432,,4800430864,B
MwLmZff9Nx3nqA8PuaQwVQ==,18,U4A122382,H4A122337,07,C,P03642JX2-MLD,P03642JX2,864,EA,1500,1700,432,432,,4800430864,
ZgF032m4TmSA5uF+2gVSag==,19,U4A122382,H4A122337,06,B,P03642JX2-MLD,P03642JX2,432,EA,1922,1700,432,432,,4800434230,B
vspbc+gmxwMNU+7uBpb7Bg==,20,U4A122382,H4A122337,07,C,P03642JX2-MLD,P03642JX2,432,EA,1500,1700,432,432,,4800434230,
VnvCADuNRL2a62wNiUFp8w==,21,U4A122382,H4A122337,06,B,P03642JX2-MLD,P03642JX2,432,EA,1922,1700,432,432,,4800430864,B
M6VzTzgCOcOIs+3RD052Rw==,22,U4A122382,H4A122337,07,C,P03642JX2-MLD,P03642JX2,432,EA,1500,1700,432,432,,4800430864,
cgdImifrhpHwWlBsji9XRw==,23,U4A122382,H4A122337,06,B,P03642JX2-MLD,P03642JX2,432,EA,1922,1700,432,432,,4800430864,B
fK97jP3pyuPt7xjYuvCyZg==,24,U4A122382,H4A122337,07,C,P03642JX2-MLD,P03642JX2,432,EA,1500,1700,432,432,,4800430864,
pRmk1uzxj9XN6dtDdnJMQg==,25,U4A122382,H4A122337,06,B,P03642JX2-MLD,P03642JX2,432,EA,1922,1700,432,432,,4800430864,B
bebzIthBDuOxZs25qM1i+A==,26,U4A122382,H4A122337,07,C,P03642JX2-MLD,P03642JX2,432,EA,1500,1700,432,432,,4800430864,
Z0qZ0m9Nzuysb7CFCPasSQ==,27,U4A122382,H4A122337,06,B,P03642JX2-MLD,P03642JX2,328,EA,1922,1700,432,432,,4800430864,B
73LMnHZ+U1d/WAiSOUIZxg==,28,U4A122382,H4A122337,07,C,P03642JX2-MLD,P03642JX2,328,EA,1500,1700,432,432,,4800430864,
TGvaH5IJqOsD6cKi569V/A==,29,U4A122382,H4A122337,06,B,P03642JX2-MLD,P03642JX2,104,EA,1922,1700,432,432,,4800434230,B
9L6v/lz12O4xH5Kjzeskaw==,30,U4A122382,H4A122337,07,C,P03642JX2-MLD,P03642JX2,104,EA,1500,1700,432,432,,4800434230,
kyopfVnqeOVDYoSX+lRh3A==,2,U4A122386,U4A122386,02,B,P05024JC,P05024JC,1050,EA,1700,1700,1050,1050,,4800418117,B
FME4Q+jhn4WgOLQW0Hgl2g==,2,U4A122386,U4A122386,02,B,P05024JC,P05024JC,6,EA,4266,4266,6,6,,4800441193,B
e+KHCMGOPXCSsQvsElWZSw==,3,U4A122386,U4A122386,03,C,P05024JC,P05024JC,1050,EA,1922,1700,1050,1050,,4800418117,
e+KHCMGOPXCSsQvsElWZSw==,3,U4A122386,U4A122386,03,C,P05024JC,P05024JC,6,EA,1922,4266,6,6,,4800441193,
aeyBvBcKDz2ZabCYPx2aZQ==,4,U4A122386,U4A122386,04,A,P05024JC,P05024JC,1056,EA,1922,1700,1050,1050,104122386,,
aeyBvBcKDz2ZabCYPx2aZQ==,4,U4A122386,U4A122386,04,A,P05024JC,P05024JC,1056,EA,1922,4266,6,6,104122386,,
F0Ya2ws3541zKre6eREVwA==,5,U4A122386,H4A097580,05,C,P05024JC-MLD,P05024JC,1056,EA,1922,1700,1050,1050,104122386,,
F0Ya2ws3541zKre6eREVwA==,5,U4A122386,H4A097580,05,C,P05024JC-MLD,P05024JC,1056,EA,1922,4266,6,6,104122386,,
qIZcXcQwTScAV450ljcFfg==,6,U4A122386,H4A097580,06,B,P05024JC-MLD,P05024JC,2240,EA,1922,4266,6,6,,4800434230,B
qIZcXcQwTScAV450ljcFfg==,6,U4A122386,H4A097580,06,B,P05024JC-MLD,P05024JC,2240,EA,1922,1700,1050,1050,,4800434230,B
8LOALhF9Ra5KNApzUtBh1g==,7,U4A122386,H4A097580,07,C,P05024JC-MLD,P05024JC,2240,EA,1500,1700,1050,1050,,4800434230,
8LOALhF9Ra5KNApzUtBh1g==,7,U4A122386,H4A097580,07,C,P05024JC-MLD,P05024JC,2240,EA,1500,4266,6,6,,4800434230,
yioomc/qgVFtDZwYhk6rsw==,8,U4A122386,H4A097580,08,A,P05024JC-MLD,P05024JC,4565,EA,1500,1700,1050,1050,104097580,,
yioomc/qgVFtDZwYhk6rsw==,8,U4A122386,H4A097580,08,A,P05024JC-MLD,P05024JC,4565,EA,1500,4266,6,6,104097580,,
CWST5un2dgMu+S4VZQ3fLA==,9,U4A122386,2309470061,09,C,158,P05024JC,373.5,LB,1500,4266,6,6,104097580,,
CWST5un2dgMu+S4VZQ3fLA==,9,U4A122386,2309470061,09,C,158,P05024JC,373.5,LB,1500,1700,1050,1050,104097580,,
Dxs9p49AxwDj8gImpkQ/Bw==,10,U4A122386,2309470061,10,B,158,P05024JC,5231.278,LB,1500,4266,6,6,,4501048138,B
Dxs9p49AxwDj8gImpkQ/Bw==,10,U4A122386,2309470061,10,B,158,P05024JC,5231.278,LB,1500,1700,1050,1050,,4501048138,B
cMLcgpmhl+Jcn6egT96z8A==,11,U4A122386,2309470062,09,C,158,P05024JC,338.1,LB,1500,1700,1050,1050,104097580,,
cMLcgpmhl+Jcn6egT96z8A==,11,U4A122386,2309470062,09,C,158,P05024JC,338.1,LB,1500,4266,6,6,104097580,,
21rUCJxtgBscaTCAZgJ+KA==,12,U4A122386,2309470062,10,B,158,P05024JC,4680.617,LB,1500,1700,1050,1050,,4501048138,B
21rUCJxtgBscaTCAZgJ+KA==,12,U4A122386,2309470062,10,B,158,P05024JC,4680.617,LB,1500,4266,6,6,,4501048138,B
JzK1T8TBSuUtTkX6DQciXw==,13,U4A122386,2309470066,09,C,158,P05024JC,110.2,LB,1500,1700,1050,1050,104097580,,
JzK1T8TBSuUtTkX6DQciXw==,13,U4A122386,2309470066,09,C,158,P05024JC,110.2,LB,1500,4266,6,6,104097580,,
ZInHCkXLZ0la14dxSq8nkQ==,14,U4A122386,2309470066,10,B,158,P05024JC,5286.343,LB,1500,4266,6,6,,4501048138,B
ZInHCkXLZ0la14dxSq8nkQ==,14,U4A122386,2309470066,10,B,158,P05024JC,5286.343,LB,1500,1700,1050,1050,,4501048138,B
BiRozMXFn5QDj2kpA70wFg==,15,U4A122386,2309470059,09,C,158,P05024JC,16.4,LB,1500,4266,6,6,104097580,,
BiRozMXFn5QDj2kpA70wFg==,15,U4A122386,2309470059,09,C,158,P05024JC,16.4,LB,1500,1700,1050,1050,104097580,,
rgKR3lEx3SIuwiKfIIGNdw==,16,U4A122386,2309470059,10,B,158,P05024JC,5176.211,LB,1500,1700,1050,1050,,4501048138,B
rgKR3lEx3SIuwiKfIIGNdw==,16,U4A122386,2309470059,10,B,158,P05024JC,5176.211,LB,1500,4266,6,6,,4501048138,B
hWYlNCGlmCa4/F8WHDp2lg==,17,U4A122386,2309470068,09,C,158,P05024JC,-17.4,LB,1500,1700,1050,1050,104097580,,
hWYlNCGlmCa4/F8WHDp2lg==,17,U4A122386,2309470068,09,C,158,P05024JC,-17.4,LB,1500,4266,6,6,104097580,,
87BvlERSDfSWn5ZqCKvnVg==,18,U4A122386,2309470068,10,B,158,P05024JC,5286.344,LB,1500,4266,6,6,,4501054020,B
87BvlERSDfSWn5ZqCKvnVg==,18,U4A122386,2309470068,10,B,158,P05024JC,5286.344,LB,1500,1700,1050,1050,,4501054020,B
IiMwgI1pw2pDjQzcbZd5/w==,19,U4A122386,H4A097580,06,B,P05024JC-MLD,P05024JC,840,EA,1922,1700,1050,1050,,4800433439,B
IiMwgI1pw2pDjQzcbZd5/w==,19,U4A122386,H4A097580,06,B,P05024JC-MLD,P05024JC,840,EA,1922,4266,6,6,,4800433439,B
uC0HqTBf+i0CDUoQAjhVUg==,20,U4A122386,H4A097580,07,C,P05024JC-MLD,P05024JC,840,EA,1500,1700,1050,1050,,4800433439,
uC0HqTBf+i0CDUoQAjhVUg==,20,U4A122386,H4A097580,07,C,P05024JC-MLD,P05024JC,840,EA,1500,4266,6,6,,4800433439,
9HMC8oRqv98HO1qdjDliqw==,21,U4A122386,H4A097580,06,B,P05024JC-MLD,P05024JC,560,EA,1922,4266,6,6,,4800433439,B
9HMC8oRqv98HO1qdjDliqw==,21,U4A122386,H4A097580,06,B,P05024JC-MLD,P05024JC,560,EA,1922,1700,1050,1050,,4800433439,B
M+DjlFCmKsmQdRQT7wc9JQ==,22,U4A122386,H4A097580,07,C,P05024JC-MLD,P05024JC,560,EA,1500,1700,1050,1050,,4800433439,
M+DjlFCmKsmQdRQT7wc9JQ==,22,U4A122386,H4A097580,07,C,P05024JC-MLD,P05024JC,560,EA,1500,4266,6,6,,4800433439,
5JDLyL4K7ogUKWGkYcjVGA==,23,U4A122386,H4A097580,06,B,P05024JC-MLD,P05024JC,356,EA,1922,4266,6,6,,4800433439,B
5JDLyL4K7ogUKWGkYcjVGA==,23,U4A122386,H4A097580,06,B,P05024JC-MLD,P05024JC,356,EA,1922,1700,1050,1050,,4800433439,B
ZLNsCHR6tBOUJdQ7LtwvQw==,24,U4A122386,H4A097580,07,C,P05024JC-MLD,P05024JC,356,EA,1500,1700,1050,1050,,4800433439,
ZLNsCHR6tBOUJdQ7LtwvQw==,24,U4A122386,H4A097580,07,C,P05024JC-MLD,P05024JC,356,EA,1500,4266,6,6,,4800433439,
Z1qyPt0HDYN5y3h901ltAg==,25,U4A122386,H4A097580,06,B,P05024JC-MLD,P05024JC,280,EA,1922,4266,6,6,,4800433439,B
Z1qyPt0HDYN5y3h901ltAg==,25,U4A122386,H4A097580,06,B,P05024JC-MLD,P05024JC,280,EA,1922,1700,1050,1050,,4800433439,B
LoJp2aLSg2/90V1XtCcPSw==,26,U4A122386,H4A097580,07,C,P05024JC-MLD,P05024JC,280,EA,1500,4266,6,6,,4800433439,
LoJp2aLSg2/90V1XtCcPSw==,26,U4A122386,H4A097580,07,C,P05024JC-MLD,P05024JC,280,EA,1500,1700,1050,1050,,4800433439,
j8rb97S5ksFbH/azTo5LgQ==,27,U4A122386,H4A097580,06,B,P05024JC-MLD,P05024JC,225,EA,1922,1700,1050,1050,,4800436093,B
j8rb97S5ksFbH/azTo5LgQ==,27,U4A122386,H4A097580,06,B,P05024JC-MLD,P05024JC,225,EA,1922,4266,6,6,,4800436093,B
Xddujl+8TynV4xRGwwRGRA==,28,U4A122386,H4A097580,07,C,P05024JC-MLD,P05024JC,225,EA,1500,1700,1050,1050,,4800436093,
Xddujl+8TynV4xRGwwRGRA==,28,U4A122386,H4A097580,07,C,P05024JC-MLD,P05024JC,225,EA,1500,4266,6,6,,4800436093,
asjS6IDV+DdesPu7M5NhPg==,29,U4A122386,H4A097580,06,B,P05024JC-MLD,P05024JC,64,EA,1922,4266,6,6,,4800436093,B
asjS6IDV+DdesPu7M5NhPg==,29,U4A122386,H4A097580,06,B,P05024JC-MLD,P05024JC,64,EA,1922,1700,1050,1050,,4800436093,B
8eSvkSgQFAstvgLW7BpSQw==,30,U4A122386,H4A097580,07,C,P05024JC-MLD,P05024JC,64,EA,1500,4266,6,6,,4800436093,
8eSvkSgQFAstvgLW7BpSQw==,30,U4A122386,H4A097580,07,C,P05024JC-MLD,P05024JC,64,EA,1500,1700,1050,1050,,4800436093,